54 61	41	# Ta => A
54 62	42	# Tb => B
54 63	43	# Tc => C
54 64	44	# Td => D
54 65	45	# Te => E
54 66	46	# Tf => F
54 67	47	# Tg => G
54 68	48	# Th => H
54 69	49	# Ti => I
54 6A	4A	# Tj => J
54 6B	4B	# Tk => K
54 6C	4C	# Tl => L
54 6D	4D	# Tm => M
54 6E	4E	# Tn => N
54 6F	4F	# To => O
54 70	50	# Tp => P
54 71	51	# Tq => Q
54 72	52	# Tr => R
54 73	53	# Ts => S
54 74	54	# Tt => T
54 75	55	# Tu => U
54 76	56	# Tv => V
54 77	57	# Tw => W
54 78	58	# Tx => X
54 79	59	# Ty => Y
54 7A	5A	# Tz => Z
54 DF	1E9E	# Tß => ẞ
54 E0	C0	# Tà => À
54 E1	C1	# Tá => Á
54 E2	C2	# Tâ => Â
54 E3	C3	# Tã => Ã
54 E4	C4	# Tä => Ä
54 E5	C5	# Tå => Å
54 E6	C6	# Tæ => Æ
54 E7	C7	# Tç => Ç
54 E8	C8	# Tè => È
54 E9	C9	# Té => É
54 EA	CA	# Tê => Ê
54 EB	CB	# Të => Ë
54 EC	CC	# Tì => Ì
54 ED	CD	# Tí => Í
54 EE	CE	# Tî => Î
54 EF	CF	# Tï => Ï
54 F0	D0	# Tð => Ð
54 F1	D1	# Tñ => Ñ
54 F2	D2	# Tò => Ò
54 F3	D3	# Tó => Ó
54 F4	D4	# Tô => Ô
54 F5	D5	# Tõ => Õ
54 F6	D6	# Tö => Ö
54 F8	D8	# Tø => Ø
54 F9	D9	# Tù => Ù
54 FA	DA	# Tú => Ú
54 FB	DB	# Tû => Û
54 FC	DC	# Tü => Ü
54 FD	DD	# Tý => Ý
54 FE	DE	# Tþ => Þ
54 FF	178	# Tÿ => Ÿ
54 101	100	# Tā => Ā
54 103	102	# Tă => Ă
54 105	104	# Tą => Ą
54 107	106	# Tć => Ć
54 109	108	# Tĉ => Ĉ
54 10B	10A	# Tċ => Ċ
54 10D	10C	# Tč => Č
54 10F	10E	# Tď => Ď
54 111	110	# Tđ => Đ
54 113	112	# Tē => Ē
54 115	114	# Tĕ => Ĕ
54 117	116	# Tė => Ė
54 119	118	# Tę => Ę
54 11B	11A	# Tě => Ě
54 11D	11C	# Tĝ => Ĝ
54 11F	11E	# Tğ => Ğ
54 121	120	# Tġ => Ġ
54 123	122	# Tģ => Ģ
54 125	124	# Tĥ => Ĥ
54 127	126	# Tħ => Ħ
54 129	128	# Tĩ => Ĩ
54 12B	12A	# Tī => Ī
54 12D	12C	# Tĭ => Ĭ
54 12F	12E	# Tį => Į
54 133	132	# Tĳ => Ĳ
54 135	134	# Tĵ => Ĵ
54 137	136	# Tķ => Ķ
54 13A	139	# Tĺ => Ĺ
54 13C	13B	# Tļ => Ļ
54 13E	13D	# Tľ => Ľ
54 140	13F	# Tŀ => Ŀ
54 142	141	# Tł => Ł
54 144	143	# Tń => Ń
54 146	145	# Tņ => Ņ
54 148	147	# Tň => Ň
54 14B	14A	# Tŋ => Ŋ
54 14D	14C	# Tō => Ō
54 14F	14E	# Tŏ => Ŏ
54 151	150	# Tő => Ő
54 153	152	# Tœ => Œ
54 155	154	# Tŕ => Ŕ
54 157	156	# Tŗ => Ŗ
54 159	158	# Tř => Ř
54 15B	15A	# Tś => Ś
54 15D	15C	# Tŝ => Ŝ
54 15F	15E	# Tş => Ş
54 161	160	# Tš => Š
54 163	162	# Tţ => Ţ
54 165	164	# Tť => Ť
54 167	166	# Tŧ => Ŧ
54 169	168	# Tũ => Ũ
54 16B	16A	# Tū => Ū
54 16D	16C	# Tŭ => Ŭ
54 16F	16E	# Tů => Ů
54 171	170	# Tű => Ű
54 173	172	# Tų => Ų
54 175	174	# Tŵ => Ŵ
54 177	176	# Tŷ => Ŷ
54 17A	179	# Tź => Ź
54 17C	17B	# Tż => Ż
54 17E	17D	# Tž => Ž
54 180	243	# Tƀ => Ƀ
54 183	182	# Tƃ => Ƃ
54 185	184	# Tƅ => Ƅ
54 188	187	# Tƈ => Ƈ
54 18C	18B	# Tƌ => Ƌ
54 192	191	# Tƒ => Ƒ
54 195	1F6	# Tƕ => Ƕ
54 199	198	# Tƙ => Ƙ
54 19A	23D	# Tƚ => Ƚ
54 19B	A7DC	# Tƛ => Ƛ
54 19E	220	# Tƞ => Ƞ
54 1A1	1A0	# Tơ => Ơ
54 1A3	1A2	# Tƣ => Ƣ
54 1A5	1A4	# Tƥ => Ƥ
54 1A8	1A7	# Tƨ => Ƨ
54 1AD	1AC	# Tƭ => Ƭ
54 1B0	1AF	# Tư => Ư
54 1B4	1B3	# Tƴ => Ƴ
54 1B6	1B5	# Tƶ => Ƶ
54 1B9	1B8	# Tƹ => Ƹ
54 1BD	1BC	# Tƽ => Ƽ
54 1BF	1F7	# Tƿ => Ƿ
54 1C6	1C4	# Tǆ => Ǆ
54 1C9	1C7	# Tǉ => Ǉ
54 1CC	1CA	# Tǌ => Ǌ
54 1CE	1CD	# Tǎ => Ǎ
54 1D0	1CF	# Tǐ => Ǐ
54 1D2	1D1	# Tǒ => Ǒ
54 1D4	1D3	# Tǔ => Ǔ
54 1D6	1D5	# Tǖ => Ǖ
54 1D8	1D7	# Tǘ => Ǘ
54 1DA	1D9	# Tǚ => Ǚ
54 1DC	1DB	# Tǜ => Ǜ
54 1DD	18E	# Tǝ => Ǝ
54 1DF	1DE	# Tǟ => Ǟ
54 1E1	1E0	# Tǡ => Ǡ
54 1E3	1E2	# Tǣ => Ǣ
54 1E5	1E4	# Tǥ => Ǥ
54 1E7	1E6	# Tǧ => Ǧ
54 1E9	1E8	# Tǩ => Ǩ
54 1EB	1EA	# Tǫ => Ǫ
54 1ED	1EC	# Tǭ => Ǭ
54 1EF	1EE	# Tǯ => Ǯ
54 1F3	1F1	# Tǳ => Ǳ
54 1F5	1F4	# Tǵ => Ǵ
54 1F9	1F8	# Tǹ => Ǹ
54 1FB	1FA	# Tǻ => Ǻ
54 1FD	1FC	# Tǽ => Ǽ
54 1FF	1FE	# Tǿ => Ǿ
54 201	200	# Tȁ => Ȁ
54 203	202	# Tȃ => Ȃ
54 205	204	# Tȅ => Ȅ
54 207	206	# Tȇ => Ȇ
54 209	208	# Tȉ => Ȉ
54 20B	20A	# Tȋ => Ȋ
54 20D	20C	# Tȍ => Ȍ
54 20F	20E	# Tȏ => Ȏ
54 211	210	# Tȑ => Ȑ
54 213	212	# Tȓ => Ȓ
54 215	214	# Tȕ => Ȕ
54 217	216	# Tȗ => Ȗ
54 219	218	# Tș => Ș
54 21B	21A	# Tț => Ț
54 21D	21C	# Tȝ => Ȝ
54 21F	21E	# Tȟ => Ȟ
54 223	222	# Tȣ => Ȣ
54 225	224	# Tȥ => Ȥ
54 227	226	# Tȧ => Ȧ
54 229	228	# Tȩ => Ȩ
54 22B	22A	# Tȫ => Ȫ
54 22D	22C	# Tȭ => Ȭ
54 22F	22E	# Tȯ => Ȯ
54 231	230	# Tȱ => Ȱ
54 233	232	# Tȳ => Ȳ
54 23C	23B	# Tȼ => Ȼ
54 23F	2C7E	# Tȿ => Ȿ
54 240	2C7F	# Tɀ => Ɀ
54 242	241	# Tɂ => Ɂ
54 247	246	# Tɇ => Ɇ
54 249	248	# Tɉ => Ɉ
54 24B	24A	# Tɋ => Ɋ
54 24D	24C	# Tɍ => Ɍ
54 24F	24E	# Tɏ => Ɏ
54 250	2C6F	# Tɐ => Ɐ
54 251	2C6D	# Tɑ => Ɑ
54 252	2C70	# Tɒ => Ɒ
54 253	181	# Tɓ => Ɓ
54 254	186	# Tɔ => Ɔ
54 256	189	# Tɖ => Ɖ
54 257	18A	# Tɗ => Ɗ
54 259	18F	# Tə => Ə
54 25B	190	# Tɛ => Ɛ
54 25C	A7AB	# Tɜ => Ɜ
54 260	193	# Tɠ => Ɠ
54 261	A7AC	# Tɡ => Ɡ
54 263	194	# Tɣ => Ɣ
54 264	A7CB	# Tɤ => Ɤ
54 265	A78D	# Tɥ => Ɥ
54 266	A7AA	# Tɦ => Ɦ
54 268	197	# Tɨ => Ɨ
54 269	196	# Tɩ => Ɩ
54 26A	A7AE	# Tɪ => Ɪ
54 26B	2C62	# Tɫ => Ɫ
54 26C	A7AD	# Tɬ => Ɬ
54 26F	19C	# Tɯ => Ɯ
54 271	2C6E	# Tɱ => Ɱ
54 272	19D	# Tɲ => Ɲ
54 275	19F	# Tɵ => Ɵ
54 27D	2C64	# Tɽ => Ɽ
54 280	1A6	# Tʀ => Ʀ
54 282	A7C5	# Tʂ => Ʂ
54 283	1A9	# Tʃ => Ʃ
54 287	A7B1	# Tʇ => Ʇ
54 288	1AE	# Tʈ => Ʈ
54 289	244	# Tʉ => Ʉ
54 28A	1B1	# Tʊ => Ʊ
54 28B	1B2	# Tʋ => Ʋ
54 28C	245	# Tʌ => Ʌ
54 292	1B7	# Tʒ => Ʒ
54 29D	A7B2	# Tʝ => Ʝ
54 29E	A7B0	# Tʞ => Ʞ
54 371	370	# Tͱ => Ͱ
54 373	372	# Tͳ => Ͳ
54 377	376	# Tͷ => Ͷ
54 37B	3FD	# Tͻ => Ͻ
54 37C	3FE	# Tͼ => Ͼ
54 37D	3FF	# Tͽ => Ͽ
54 3AC	386	# Tά => Ά
54 3AD	388	# Tέ => Έ
54 3AE	389	# Tή => Ή
54 3AF	38A	# Tί => Ί
54 3B1	391	# Tα => Α
54 3B2	392	# Tβ => Β
54 3B3	393	# Tγ => Γ
54 3B4	394	# Tδ => Δ
54 3B5	395	# Tε => Ε
54 3B6	396	# Tζ => Ζ
54 3B7	397	# Tη => Η
54 3B8	398	# Tθ => Θ
54 3B9	399	# Tι => Ι
54 3BA	39A	# Tκ => Κ
54 3BB	39B	# Tλ => Λ
54 3BC	39C	# Tμ => Μ
54 3BD	39D	# Tν => Ν
54 3BE	39E	# Tξ => Ξ
54 3BF	39F	# Tο => Ο
54 3C0	3A0	# Tπ => Π
54 3C1	3A1	# Tρ => Ρ
54 3C3	3A3	# Tσ => Σ
54 3C4	3A4	# Tτ => Τ
54 3C5	3A5	# Tυ => Υ
54 3C6	3A6	# Tφ => Φ
54 3C7	3A7	# Tχ => Χ
54 3C8	3A8	# Tψ => Ψ
54 3C9	3A9	# Tω => Ω
54 3CA	3AA	# Tϊ => Ϊ
54 3CB	3AB	# Tϋ => Ϋ
54 3CC	38C	# Tό => Ό
54 3CD	38E	# Tύ => Ύ
54 3CE	38F	# Tώ => Ώ
54 3D7	3CF	# Tϗ => Ϗ
54 3D9	3D8	# Tϙ => Ϙ
54 3DB	3DA	# Tϛ => Ϛ
54 3DD	3DC	# Tϝ => Ϝ
54 3DF	3DE	# Tϟ => Ϟ
54 3E1	3E0	# Tϡ => Ϡ
54 3E3	3E2	# Tϣ => Ϣ
54 3E5	3E4	# Tϥ => Ϥ
54 3E7	3E6	# Tϧ => Ϧ
54 3E9	3E8	# Tϩ => Ϩ
54 3EB	3EA	# Tϫ => Ϫ
54 3ED	3EC	# Tϭ => Ϭ
54 3EF	3EE	# Tϯ => Ϯ
54 3F2	3F9	# Tϲ => Ϲ
54 3F3	37F	# Tϳ => Ϳ
54 3F8	3F7	# Tϸ => Ϸ
54 3FB	3FA	# Tϻ => Ϻ
54 430	410	# Tа => А
54 431	411	# Tб => Б
54 432	412	# Tв => В
54 433	413	# Tг => Г
54 434	414	# Tд => Д
54 435	415	# Tе => Е
54 436	416	# Tж => Ж
54 437	417	# Tз => З
54 438	418	# Tи => И
54 439	419	# Tй => Й
54 43A	41A	# Tк => К
54 43B	41B	# Tл => Л
54 43C	41C	# Tм => М
54 43D	41D	# Tн => Н
54 43E	41E	# Tо => О
54 43F	41F	# Tп => П
54 440	420	# Tр => Р
54 441	421	# Tс => С
54 442	422	# Tт => Т
54 443	423	# Tу => У
54 444	424	# Tф => Ф
54 445	425	# Tх => Х
54 446	426	# Tц => Ц
54 447	427	# Tч => Ч
54 448	428	# Tш => Ш
54 449	429	# Tщ => Щ
54 44A	42A	# Tъ => Ъ
54 44B	42B	# Tы => Ы
54 44C	42C	# Tь => Ь
54 44D	42D	# Tэ => Э
54 44E	42E	# Tю => Ю
54 44F	42F	# Tя => Я
54 450	400	# Tѐ => Ѐ
54 451	401	# Tё => Ё
54 452	402	# Tђ => Ђ
54 453	403	# Tѓ => Ѓ
54 454	404	# Tє => Є
54 455	405	# Tѕ => Ѕ
54 456	406	# Tі => І
54 457	407	# Tї => Ї
54 458	408	# Tј => Ј
54 459	409	# Tљ => Љ
54 45A	40A	# Tњ => Њ
54 45B	40B	# Tћ => Ћ
54 45C	40C	# Tќ => Ќ
54 45D	40D	# Tѝ => Ѝ
54 45E	40E	# Tў => Ў
54 45F	40F	# Tџ => Џ
54 461	460	# Tѡ => Ѡ
54 463	462	# Tѣ => Ѣ
54 465	464	# Tѥ => Ѥ
54 467	466	# Tѧ => Ѧ
54 469	468	# Tѩ => Ѩ
54 46B	46A	# Tѫ => Ѫ
54 46D	46C	# Tѭ => Ѭ
54 46F	46E	# Tѯ => Ѯ
54 471	470	# Tѱ => Ѱ
54 473	472	# Tѳ => Ѳ
54 475	474	# Tѵ => Ѵ
54 477	476	# Tѷ => Ѷ
54 479	478	# Tѹ => Ѹ
54 47B	47A	# Tѻ => Ѻ
54 47D	47C	# Tѽ => Ѽ
54 47F	47E	# Tѿ => Ѿ
54 481	480	# Tҁ => Ҁ
54 48B	48A	# Tҋ => Ҋ
54 48D	48C	# Tҍ => Ҍ
54 48F	48E	# Tҏ => Ҏ
54 491	490	# Tґ => Ґ
54 493	492	# Tғ => Ғ
54 495	494	# Tҕ => Ҕ
54 497	496	# Tҗ => Җ
54 499	498	# Tҙ => Ҙ
54 49B	49A	# Tқ => Қ
54 49D	49C	# Tҝ => Ҝ
54 49F	49E	# Tҟ => Ҟ
54 4A1	4A0	# Tҡ => Ҡ
54 4A3	4A2	# Tң => Ң
54 4A5	4A4	# Tҥ => Ҥ
54 4A7	4A6	# Tҧ => Ҧ
54 4A9	4A8	# Tҩ => Ҩ
54 4AB	4AA	# Tҫ => Ҫ
54 4AD	4AC	# Tҭ => Ҭ
54 4AF	4AE	# Tү => Ү
54 4B1	4B0	# Tұ => Ұ
54 4B3	4B2	# Tҳ => Ҳ
54 4B5	4B4	# Tҵ => Ҵ
54 4B7	4B6	# Tҷ => Ҷ
54 4B9	4B8	# Tҹ => Ҹ
54 4BB	4BA	# Tһ => Һ
54 4BD	4BC	# Tҽ => Ҽ
54 4BF	4BE	# Tҿ => Ҿ
54 4C2	4C1	# Tӂ => Ӂ
54 4C4	4C3	# Tӄ => Ӄ
54 4C6	4C5	# Tӆ => Ӆ
54 4C8	4C7	# Tӈ => Ӈ
54 4CA	4C9	# Tӊ => Ӊ
54 4CC	4CB	# Tӌ => Ӌ
54 4CE	4CD	# Tӎ => Ӎ
54 4CF	4C0	# Tӏ => Ӏ
54 4D1	4D0	# Tӑ => Ӑ
54 4D3	4D2	# Tӓ => Ӓ
54 4D5	4D4	# Tӕ => Ӕ
54 4D7	4D6	# Tӗ => Ӗ
54 4D9	4D8	# Tә => Ә
54 4DB	4DA	# Tӛ => Ӛ
54 4DD	4DC	# Tӝ => Ӝ
54 4DF	4DE	# Tӟ => Ӟ
54 4E1	4E0	# Tӡ => Ӡ
54 4E3	4E2	# Tӣ => Ӣ
54 4E5	4E4	# Tӥ => Ӥ
54 4E7	4E6	# Tӧ => Ӧ
54 4E9	4E8	# Tө => Ө
54 4EB	4EA	# Tӫ => Ӫ
54 4ED	4EC	# Tӭ => Ӭ
54 4EF	4EE	# Tӯ => Ӯ
54 4F1	4F0	# Tӱ => Ӱ
54 4F3	4F2	# Tӳ => Ӳ
54 4F5	4F4	# Tӵ => Ӵ
54 4F7	4F6	# Tӷ => Ӷ
54 4F9	4F8	# Tӹ => Ӹ
54 4FB	4FA	# Tӻ => Ӻ
54 4FD	4FC	# Tӽ => Ӽ
54 4FF	4FE	# Tӿ => Ӿ
54 501	500	# Tԁ => Ԁ
54 503	502	# Tԃ => Ԃ
54 505	504	# Tԅ => Ԅ
54 507	506	# Tԇ => Ԇ
54 509	508	# Tԉ => Ԉ
54 50B	50A	# Tԋ => Ԋ
54 50D	50C	# Tԍ => Ԍ
54 50F	50E	# Tԏ => Ԏ
54 511	510	# Tԑ => Ԑ
54 513	512	# Tԓ => Ԓ
54 515	514	# Tԕ => Ԕ
54 517	516	# Tԗ => Ԗ
54 519	518	# Tԙ => Ԙ
54 51B	51A	# Tԛ => Ԛ
54 51D	51C	# Tԝ => Ԝ
54 51F	51E	# Tԟ => Ԟ
54 521	520	# Tԡ => Ԡ
54 523	522	# Tԣ => Ԣ
54 525	524	# Tԥ => Ԥ
54 527	526	# Tԧ => Ԧ
54 529	528	# Tԩ => Ԩ
54 52B	52A	# Tԫ => Ԫ
54 52D	52C	# Tԭ => Ԭ
54 52F	52E	# Tԯ => Ԯ
54 561	531	# Tա => Ա
54 562	532	# Tբ => Բ
54 563	533	# Tգ => Գ
54 564	534	# Tդ => Դ
54 565	535	# Tե => Ե
54 566	536	# Tզ => Զ
54 567	537	# Tէ => Է
54 568	538	# Tը => Ը
54 569	539	# Tթ => Թ
54 56A	53A	# Tժ => Ժ
54 56B	53B	# Tի => Ի
54 56C	53C	# Tլ => Լ
54 56D	53D	# Tխ => Խ
54 56E	53E	# Tծ => Ծ
54 56F	53F	# Tկ => Կ
54 570	540	# Tհ => Հ
54 571	541	# Tձ => Ձ
54 572	542	# Tղ => Ղ
54 573	543	# Tճ => Ճ
54 574	544	# Tմ => Մ
54 575	545	# Tյ => Յ
54 576	546	# Tն => Ն
54 577	547	# Tշ => Շ
54 578	548	# Tո => Ո
54 579	549	# Tչ => Չ
54 57A	54A	# Tպ => Պ
54 57B	54B	# Tջ => Ջ
54 57C	54C	# Tռ => Ռ
54 57D	54D	# Tս => Ս
54 57E	54E	# Tվ => Վ
54 57F	54F	# Tտ => Տ
54 580	550	# Tր => Ր
54 581	551	# Tց => Ց
54 582	552	# Tւ => Ւ
54 583	553	# Tփ => Փ
54 584	554	# Tք => Ք
54 585	555	# Tօ => Օ
54 586	556	# Tֆ => Ֆ
54 10D0	1C90	# Tა => Ა
54 10D1	1C91	# Tბ => Ბ
54 10D2	1C92	# Tგ => Გ
54 10D3	1C93	# Tდ => Დ
54 10D4	1C94	# Tე => Ე
54 10D5	1C95	# Tვ => Ვ
54 10D6	1C96	# Tზ => Ზ
54 10D7	1C97	# Tთ => Თ
54 10D8	1C98	# Tი => Ი
54 10D9	1C99	# Tკ => Კ
54 10DA	1C9A	# Tლ => Ლ
54 10DB	1C9B	# Tმ => Მ
54 10DC	1C9C	# Tნ => Ნ
54 10DD	1C9D	# Tო => Ო
54 10DE	1C9E	# Tპ => Პ
54 10DF	1C9F	# Tჟ => Ჟ
54 10E0	1CA0	# Tრ => Რ
54 10E1	1CA1	# Tს => Ს
54 10E2	1CA2	# Tტ => Ტ
54 10E3	1CA3	# Tუ => Უ
54 10E4	1CA4	# Tფ => Ფ
54 10E5	1CA5	# Tქ => Ქ
54 10E6	1CA6	# Tღ => Ღ
54 10E7	1CA7	# Tყ => Ყ
54 10E8	1CA8	# Tშ => Შ
54 10E9	1CA9	# Tჩ => Ჩ
54 10EA	1CAA	# Tც => Ც
54 10EB	1CAB	# Tძ => Ძ
54 10EC	1CAC	# Tწ => Წ
54 10ED	1CAD	# Tჭ => Ჭ
54 10EE	1CAE	# Tხ => Ხ
54 10EF	1CAF	# Tჯ => Ჯ
54 10F0	1CB0	# Tჰ => Ჰ
54 10F1	1CB1	# Tჱ => Ჱ
54 10F2	1CB2	# Tჲ => Ჲ
54 10F3	1CB3	# Tჳ => Ჳ
54 10F4	1CB4	# Tჴ => Ჴ
54 10F5	1CB5	# Tჵ => Ჵ
54 10F6	1CB6	# Tჶ => Ჶ
54 10F7	1CB7	# Tჷ => Ჷ
54 10F8	1CB8	# Tჸ => Ჸ
54 10F9	1CB9	# Tჹ => Ჹ
54 10FA	1CBA	# Tჺ => Ჺ
54 10FD	1CBD	# Tჽ => Ჽ
54 10FE	1CBE	# Tჾ => Ჾ
54 10FF	1CBF	# Tჿ => Ჿ
54 1C8A	1C89	# Tᲊ => Ᲊ
54 1D79	A77D	# Tᵹ => Ᵹ
54 1D7D	2C63	# Tᵽ => Ᵽ
54 1D8E	A7C6	# Tᶎ => Ᶎ
54 1E01	1E00	# Tḁ => Ḁ
54 1E03	1E02	# Tḃ => Ḃ
54 1E05	1E04	# Tḅ => Ḅ
54 1E07	1E06	# Tḇ => Ḇ
54 1E09	1E08	# Tḉ => Ḉ
54 1E0B	1E0A	# Tḋ => Ḋ
54 1E0D	1E0C	# Tḍ => Ḍ
54 1E0F	1E0E	# Tḏ => Ḏ
54 1E11	1E10	# Tḑ => Ḑ
54 1E13	1E12	# Tḓ => Ḓ
54 1E15	1E14	# Tḕ => Ḕ
54 1E17	1E16	# Tḗ => Ḗ
54 1E19	1E18	# Tḙ => Ḙ
54 1E1B	1E1A	# Tḛ => Ḛ
54 1E1D	1E1C	# Tḝ => Ḝ
54 1E1F	1E1E	# Tḟ => Ḟ
54 1E21	1E20	# Tḡ => Ḡ
54 1E23	1E22	# Tḣ => Ḣ
54 1E25	1E24	# Tḥ => Ḥ
54 1E27	1E26	# Tḧ => Ḧ
54 1E29	1E28	# Tḩ => Ḩ
54 1E2B	1E2A	# Tḫ => Ḫ
54 1E2D	1E2C	# Tḭ => Ḭ
54 1E2F	1E2E	# Tḯ => Ḯ
54 1E31	1E30	# Tḱ => Ḱ
54 1E33	1E32	# Tḳ => Ḳ
54 1E35	1E34	# Tḵ => Ḵ
54 1E37	1E36	# Tḷ => Ḷ
54 1E39	1E38	# Tḹ => Ḹ
54 1E3B	1E3A	# Tḻ => Ḻ
54 1E3D	1E3C	# Tḽ => Ḽ
54 1E3F	1E3E	# Tḿ => Ḿ
54 1E41	1E40	# Tṁ => Ṁ
54 1E43	1E42	# Tṃ => Ṃ
54 1E45	1E44	# Tṅ => Ṅ
54 1E47	1E46	# Tṇ => Ṇ
54 1E49	1E48	# Tṉ => Ṉ
54 1E4B	1E4A	# Tṋ => Ṋ
54 1E4D	1E4C	# Tṍ => Ṍ
54 1E4F	1E4E	# Tṏ => Ṏ
54 1E51	1E50	# Tṑ => Ṑ
54 1E53	1E52	# Tṓ => Ṓ
54 1E55	1E54	# Tṕ => Ṕ
54 1E57	1E56	# Tṗ => Ṗ
54 1E59	1E58	# Tṙ => Ṙ
54 1E5B	1E5A	# Tṛ => Ṛ
54 1E5D	1E5C	# Tṝ => Ṝ
54 1E5F	1E5E	# Tṟ => Ṟ
54 1E61	1E60	# Tṡ => Ṡ
54 1E63	1E62	# Tṣ => Ṣ
54 1E65	1E64	# Tṥ => Ṥ
54 1E67	1E66	# Tṧ => Ṧ
54 1E69	1E68	# Tṩ => Ṩ
54 1E6B	1E6A	# Tṫ => Ṫ
54 1E6D	1E6C	# Tṭ => Ṭ
54 1E6F	1E6E	# Tṯ => Ṯ
54 1E71	1E70	# Tṱ => Ṱ
54 1E73	1E72	# Tṳ => Ṳ
54 1E75	1E74	# Tṵ => Ṵ
54 1E77	1E76	# Tṷ => Ṷ
54 1E79	1E78	# Tṹ => Ṹ
54 1E7B	1E7A	# Tṻ => Ṻ
54 1E7D	1E7C	# Tṽ => Ṽ
54 1E7F	1E7E	# Tṿ => Ṿ
54 1E81	1E80	# Tẁ => Ẁ
54 1E83	1E82	# Tẃ => Ẃ
54 1E85	1E84	# Tẅ => Ẅ
54 1E87	1E86	# Tẇ => Ẇ
54 1E89	1E88	# Tẉ => Ẉ
54 1E8B	1E8A	# Tẋ => Ẋ
54 1E8D	1E8C	# Tẍ => Ẍ
54 1E8F	1E8E	# Tẏ => Ẏ
54 1E91	1E90	# Tẑ => Ẑ
54 1E93	1E92	# Tẓ => Ẓ
54 1E95	1E94	# Tẕ => Ẕ
54 1EA1	1EA0	# Tạ => Ạ
54 1EA3	1EA2	# Tả => Ả
54 1EA5	1EA4	# Tấ => Ấ
54 1EA7	1EA6	# Tầ => Ầ
54 1EA9	1EA8	# Tẩ => Ẩ
54 1EAB	1EAA	# Tẫ => Ẫ
54 1EAD	1EAC	# Tậ => Ậ
54 1EAF	1EAE	# Tắ => Ắ
54 1EB1	1EB0	# Tằ => Ằ
54 1EB3	1EB2	# Tẳ => Ẳ
54 1EB5	1EB4	# Tẵ => Ẵ
54 1EB7	1EB6	# Tặ => Ặ
54 1EB9	1EB8	# Tẹ => Ẹ
54 1EBB	1EBA	# Tẻ => Ẻ
54 1EBD	1EBC	# Tẽ => Ẽ
54 1EBF	1EBE	# Tế => Ế
54 1EC1	1EC0	# Tề => Ề
54 1EC3	1EC2	# Tể => Ể
54 1EC5	1EC4	# Tễ => Ễ
54 1EC7	1EC6	# Tệ => Ệ
54 1EC9	1EC8	# Tỉ => Ỉ
54 1ECB	1ECA	# Tị => Ị
54 1ECD	1ECC	# Tọ => Ọ
54 1ECF	1ECE	# Tỏ => Ỏ
54 1ED1	1ED0	# Tố => Ố
54 1ED3	1ED2	# Tồ => Ồ
54 1ED5	1ED4	# Tổ => Ổ
54 1ED7	1ED6	# Tỗ => Ỗ
54 1ED9	1ED8	# Tộ => Ộ
54 1EDB	1EDA	# Tớ => Ớ
54 1EDD	1EDC	# Tờ => Ờ
54 1EDF	1EDE	# Tở => Ở
54 1EE1	1EE0	# Tỡ => Ỡ
54 1EE3	1EE2	# Tợ => Ợ
54 1EE5	1EE4	# Tụ => Ụ
54 1EE7	1EE6	# Tủ => Ủ
54 1EE9	1EE8	# Tứ => Ứ
54 1EEB	1EEA	# Từ => Ừ
54 1EED	1EEC	# Tử => Ử
54 1EEF	1EEE	# Tữ => Ữ
54 1EF1	1EF0	# Tự => Ự
54 1EF3	1EF2	# Tỳ => Ỳ
54 1EF5	1EF4	# Tỵ => Ỵ
54 1EF7	1EF6	# Tỷ => Ỷ
54 1EF9	1EF8	# Tỹ => Ỹ
54 1EFB	1EFA	# Tỻ => Ỻ
54 1EFD	1EFC	# Tỽ => Ỽ
54 1EFF	1EFE	# Tỿ => Ỿ
54 1F00	1F08	# Tἀ => Ἀ
54 1F01	1F09	# Tἁ => Ἁ
54 1F02	1F0A	# Tἂ => Ἂ
54 1F03	1F0B	# Tἃ => Ἃ
54 1F04	1F0C	# Tἄ => Ἄ
54 1F05	1F0D	# Tἅ => Ἅ
54 1F06	1F0E	# Tἆ => Ἆ
54 1F07	1F0F	# Tἇ => Ἇ
54 1F10	1F18	# Tἐ => Ἐ
54 1F11	1F19	# Tἑ => Ἑ
54 1F12	1F1A	# Tἒ => Ἒ
54 1F13	1F1B	# Tἓ => Ἓ
54 1F14	1F1C	# Tἔ => Ἔ
54 1F15	1F1D	# Tἕ => Ἕ
54 1F20	1F28	# Tἠ => Ἠ
54 1F21	1F29	# Tἡ => Ἡ
54 1F22	1F2A	# Tἢ => Ἢ
54 1F23	1F2B	# Tἣ => Ἣ
54 1F24	1F2C	# Tἤ => Ἤ
54 1F25	1F2D	# Tἥ => Ἥ
54 1F26	1F2E	# Tἦ => Ἦ
54 1F27	1F2F	# Tἧ => Ἧ
54 1F30	1F38	# Tἰ => Ἰ
54 1F31	1F39	# Tἱ => Ἱ
54 1F32	1F3A	# Tἲ => Ἲ
54 1F33	1F3B	# Tἳ => Ἳ
54 1F34	1F3C	# Tἴ => Ἴ
54 1F35	1F3D	# Tἵ => Ἵ
54 1F36	1F3E	# Tἶ => Ἶ
54 1F37	1F3F	# Tἷ => Ἷ
54 1F40	1F48	# Tὀ => Ὀ
54 1F41	1F49	# Tὁ => Ὁ
54 1F42	1F4A	# Tὂ => Ὂ
54 1F43	1F4B	# Tὃ => Ὃ
54 1F44	1F4C	# Tὄ => Ὄ
54 1F45	1F4D	# Tὅ => Ὅ
54 1F51	1F59	# Tὑ => Ὑ
54 1F53	1F5B	# Tὓ => Ὓ
54 1F55	1F5D	# Tὕ => Ὕ
54 1F57	1F5F	# Tὗ => Ὗ
54 1F60	1F68	# Tὠ => Ὠ
54 1F61	1F69	# Tὡ => Ὡ
54 1F62	1F6A	# Tὢ => Ὢ
54 1F63	1F6B	# Tὣ => Ὣ
54 1F64	1F6C	# Tὤ => Ὤ
54 1F65	1F6D	# Tὥ => Ὥ
54 1F66	1F6E	# Tὦ => Ὦ
54 1F67	1F6F	# Tὧ => Ὧ
54 1F70	1FBA	# Tὰ => Ὰ
54 1F71	1FBB	# Tά => Ά
54 1F72	1FC8	# Tὲ => Ὲ
54 1F73	1FC9	# Tέ => Έ
54 1F74	1FCA	# Tὴ => Ὴ
54 1F75	1FCB	# Tή => Ή
54 1F76	1FDA	# Tὶ => Ὶ
54 1F77	1FDB	# Tί => Ί
54 1F78	1FF8	# Tὸ => Ὸ
54 1F79	1FF9	# Tό => Ό
54 1F7A	1FEA	# Tὺ => Ὺ
54 1F7B	1FEB	# Tύ => Ύ
54 1F7C	1FFA	# Tὼ => Ὼ
54 1F7D	1FFB	# Tώ => Ώ
54 1FB0	1FB8	# Tᾰ => Ᾰ
54 1FB1	1FB9	# Tᾱ => Ᾱ
54 1FD0	1FD8	# Tῐ => Ῐ
54 1FD1	1FD9	# Tῑ => Ῑ
54 1FE0	1FE8	# Tῠ => Ῠ
54 1FE1	1FE9	# Tῡ => Ῡ
54 1FE5	1FEC	# Tῥ => Ῥ
54 214E	2132	# Tⅎ => Ⅎ
54 2184	2183	# Tↄ => Ↄ
54 2C30	2C00	# Tⰰ => Ⰰ
54 2C31	2C01	# Tⰱ => Ⰱ
54 2C32	2C02	# Tⰲ => Ⰲ
54 2C33	2C03	# Tⰳ => Ⰳ
54 2C34	2C04	# Tⰴ => Ⰴ
54 2C35	2C05	# Tⰵ => Ⰵ
54 2C36	2C06	# Tⰶ => Ⰶ
54 2C37	2C07	# Tⰷ => Ⰷ
54 2C38	2C08	# Tⰸ => Ⰸ
54 2C39	2C09	# Tⰹ => Ⰹ
54 2C3A	2C0A	# Tⰺ => Ⰺ
54 2C3B	2C0B	# Tⰻ => Ⰻ
54 2C3C	2C0C	# Tⰼ => Ⰼ
54 2C3D	2C0D	# Tⰽ => Ⰽ
54 2C3E	2C0E	# Tⰾ => Ⰾ
54 2C3F	2C0F	# Tⰿ => Ⰿ
54 2C40	2C10	# Tⱀ => Ⱀ
54 2C41	2C11	# Tⱁ => Ⱁ
54 2C42	2C12	# Tⱂ => Ⱂ
54 2C43	2C13	# Tⱃ => Ⱃ
54 2C44	2C14	# Tⱄ => Ⱄ
54 2C45	2C15	# Tⱅ => Ⱅ
54 2C46	2C16	# Tⱆ => Ⱆ
54 2C47	2C17	# Tⱇ => Ⱇ
54 2C48	2C18	# Tⱈ => Ⱈ
54 2C49	2C19	# Tⱉ => Ⱉ
54 2C4A	2C1A	# Tⱊ => Ⱊ
54 2C4B	2C1B	# Tⱋ => Ⱋ
54 2C4C	2C1C	# Tⱌ => Ⱌ
54 2C4D	2C1D	# Tⱍ => Ⱍ
54 2C4E	2C1E	# Tⱎ => Ⱎ
54 2C4F	2C1F	# Tⱏ => Ⱏ
54 2C50	2C20	# Tⱐ => Ⱐ
54 2C51	2C21	# Tⱑ => Ⱑ
54 2C52	2C22	# Tⱒ => Ⱒ
54 2C53	2C23	# Tⱓ => Ⱓ
54 2C54	2C24	# Tⱔ => Ⱔ
54 2C55	2C25	# Tⱕ => Ⱕ
54 2C56	2C26	# Tⱖ => Ⱖ
54 2C57	2C27	# Tⱗ => Ⱗ
54 2C58	2C28	# Tⱘ => Ⱘ
54 2C59	2C29	# Tⱙ => Ⱙ
54 2C5A	2C2A	# Tⱚ => Ⱚ
54 2C5B	2C2B	# Tⱛ => Ⱛ
54 2C5C	2C2C	# Tⱜ => Ⱜ
54 2C5D	2C2D	# Tⱝ => Ⱝ
54 2C5E	2C2E	# Tⱞ => Ⱞ
54 2C5F	2C2F	# Tⱟ => Ⱟ
54 2C61	2C60	# Tⱡ => Ⱡ
54 2C65	23A	# Tⱥ => Ⱥ
54 2C66	23E	# Tⱦ => Ⱦ
54 2C68	2C67	# Tⱨ => Ⱨ
54 2C6A	2C69	# Tⱪ => Ⱪ
54 2C6C	2C6B	# Tⱬ => Ⱬ
54 2C73	2C72	# Tⱳ => Ⱳ
54 2C76	2C75	# Tⱶ => Ⱶ
54 2C81	2C80	# Tⲁ => Ⲁ
54 2C83	2C82	# Tⲃ => Ⲃ
54 2C85	2C84	# Tⲅ => Ⲅ
54 2C87	2C86	# Tⲇ => Ⲇ
54 2C89	2C88	# Tⲉ => Ⲉ
54 2C8B	2C8A	# Tⲋ => Ⲋ
54 2C8D	2C8C	# Tⲍ => Ⲍ
54 2C8F	2C8E	# Tⲏ => Ⲏ
54 2C91	2C90	# Tⲑ => Ⲑ
54 2C93	2C92	# Tⲓ => Ⲓ
54 2C95	2C94	# Tⲕ => Ⲕ
54 2C97	2C96	# Tⲗ => Ⲗ
54 2C99	2C98	# Tⲙ => Ⲙ
54 2C9B	2C9A	# Tⲛ => Ⲛ
54 2C9D	2C9C	# Tⲝ => Ⲝ
54 2C9F	2C9E	# Tⲟ => Ⲟ
54 2CA1	2CA0	# Tⲡ => Ⲡ
54 2CA3	2CA2	# Tⲣ => Ⲣ
54 2CA5	2CA4	# Tⲥ => Ⲥ
54 2CA7	2CA6	# Tⲧ => Ⲧ
54 2CA9	2CA8	# Tⲩ => Ⲩ
54 2CAB	2CAA	# Tⲫ => Ⲫ
54 2CAD	2CAC	# Tⲭ => Ⲭ
54 2CAF	2CAE	# Tⲯ => Ⲯ
54 2CB1	2CB0	# Tⲱ => Ⲱ
54 2CB3	2CB2	# Tⲳ => Ⲳ
54 2CB5	2CB4	# Tⲵ => Ⲵ
54 2CB7	2CB6	# Tⲷ => Ⲷ
54 2CB9	2CB8	# Tⲹ => Ⲹ
54 2CBB	2CBA	# Tⲻ => Ⲻ
54 2CBD	2CBC	# Tⲽ => Ⲽ
54 2CBF	2CBE	# Tⲿ => Ⲿ
54 2CC1	2CC0	# Tⳁ => Ⳁ
54 2CC3	2CC2	# Tⳃ => Ⳃ
54 2CC5	2CC4	# Tⳅ => Ⳅ
54 2CC7	2CC6	# Tⳇ => Ⳇ
54 2CC9	2CC8	# Tⳉ => Ⳉ
54 2CCB	2CCA	# Tⳋ => Ⳋ
54 2CCD	2CCC	# Tⳍ => Ⳍ
54 2CCF	2CCE	# Tⳏ => Ⳏ
54 2CD1	2CD0	# Tⳑ => Ⳑ
54 2CD3	2CD2	# Tⳓ => Ⳓ
54 2CD5	2CD4	# Tⳕ => Ⳕ
54 2CD7	2CD6	# Tⳗ => Ⳗ
54 2CD9	2CD8	# Tⳙ => Ⳙ
54 2CDB	2CDA	# Tⳛ => Ⳛ
54 2CDD	2CDC	# Tⳝ => Ⳝ
54 2CDF	2CDE	# Tⳟ => Ⳟ
54 2CE1	2CE0	# Tⳡ => Ⳡ
54 2CE3	2CE2	# Tⳣ => Ⳣ
54 2CEC	2CEB	# Tⳬ => Ⳬ
54 2CEE	2CED	# Tⳮ => Ⳮ
54 2CF3	2CF2	# Tⳳ => Ⳳ
54 2D00	10A0	# Tⴀ => Ⴀ
54 2D01	10A1	# Tⴁ => Ⴁ
54 2D02	10A2	# Tⴂ => Ⴂ
54 2D03	10A3	# Tⴃ => Ⴃ
54 2D04	10A4	# Tⴄ => Ⴄ
54 2D05	10A5	# Tⴅ => Ⴅ
54 2D06	10A6	# Tⴆ => Ⴆ
54 2D07	10A7	# Tⴇ => Ⴇ
54 2D08	10A8	# Tⴈ => Ⴈ
54 2D09	10A9	# Tⴉ => Ⴉ
54 2D0A	10AA	# Tⴊ => Ⴊ
54 2D0B	10AB	# Tⴋ => Ⴋ
54 2D0C	10AC	# Tⴌ => Ⴌ
54 2D0D	10AD	# Tⴍ => Ⴍ
54 2D0E	10AE	# Tⴎ => Ⴎ
54 2D0F	10AF	# Tⴏ => Ⴏ
54 2D10	10B0	# Tⴐ => Ⴐ
54 2D11	10B1	# Tⴑ => Ⴑ
54 2D12	10B2	# Tⴒ => Ⴒ
54 2D13	10B3	# Tⴓ => Ⴓ
54 2D14	10B4	# Tⴔ => Ⴔ
54 2D15	10B5	# Tⴕ => Ⴕ
54 2D16	10B6	# Tⴖ => Ⴖ
54 2D17	10B7	# Tⴗ => Ⴗ
54 2D18	10B8	# Tⴘ => Ⴘ
54 2D19	10B9	# Tⴙ => Ⴙ
54 2D1A	10BA	# Tⴚ => Ⴚ
54 2D1B	10BB	# Tⴛ => Ⴛ
54 2D1C	10BC	# Tⴜ => Ⴜ
54 2D1D	10BD	# Tⴝ => Ⴝ
54 2D1E	10BE	# Tⴞ => Ⴞ
54 2D1F	10BF	# Tⴟ => Ⴟ
54 2D20	10C0	# Tⴠ => Ⴠ
54 2D21	10C1	# Tⴡ => Ⴡ
54 2D22	10C2	# Tⴢ => Ⴢ
54 2D23	10C3	# Tⴣ => Ⴣ
54 2D24	10C4	# Tⴤ => Ⴤ
54 2D25	10C5	# Tⴥ => Ⴥ
54 2D27	10C7	# Tⴧ => Ⴧ
54 2D2D	10CD	# Tⴭ => Ⴭ
54 A641	A640	# Tꙁ => Ꙁ
54 A643	A642	# Tꙃ => Ꙃ
54 A645	A644	# Tꙅ => Ꙅ
54 A647	A646	# Tꙇ => Ꙇ
54 A649	A648	# Tꙉ => Ꙉ
54 A64B	A64A	# Tꙋ => Ꙋ
54 A64D	A64C	# Tꙍ => Ꙍ
54 A64F	A64E	# Tꙏ => Ꙏ
54 A651	A650	# Tꙑ => Ꙑ
54 A653	A652	# Tꙓ => Ꙓ
54 A655	A654	# Tꙕ => Ꙕ
54 A657	A656	# Tꙗ => Ꙗ
54 A659	A658	# Tꙙ => Ꙙ
54 A65B	A65A	# Tꙛ => Ꙛ
54 A65D	A65C	# Tꙝ => Ꙝ
54 A65F	A65E	# Tꙟ => Ꙟ
54 A661	A660	# Tꙡ => Ꙡ
54 A663	A662	# Tꙣ => Ꙣ
54 A665	A664	# Tꙥ => Ꙥ
54 A667	A666	# Tꙧ => Ꙧ
54 A669	A668	# Tꙩ => Ꙩ
54 A66B	A66A	# Tꙫ => Ꙫ
54 A66D	A66C	# Tꙭ => Ꙭ
54 A681	A680	# Tꚁ => Ꚁ
54 A683	A682	# Tꚃ => Ꚃ
54 A685	A684	# Tꚅ => Ꚅ
54 A687	A686	# Tꚇ => Ꚇ
54 A689	A688	# Tꚉ => Ꚉ
54 A68B	A68A	# Tꚋ => Ꚋ
54 A68D	A68C	# Tꚍ => Ꚍ
54 A68F	A68E	# Tꚏ => Ꚏ
54 A691	A690	# Tꚑ => Ꚑ
54 A693	A692	# Tꚓ => Ꚓ
54 A695	A694	# Tꚕ => Ꚕ
54 A697	A696	# Tꚗ => Ꚗ
54 A699	A698	# Tꚙ => Ꚙ
54 A69B	A69A	# Tꚛ => Ꚛ
54 A723	A722	# Tꜣ => Ꜣ
54 A725	A724	# Tꜥ => Ꜥ
54 A727	A726	# Tꜧ => Ꜧ
54 A729	A728	# Tꜩ => Ꜩ
54 A72B	A72A	# Tꜫ => Ꜫ
54 A72D	A72C	# Tꜭ => Ꜭ
54 A72F	A72E	# Tꜯ => Ꜯ
54 A733	A732	# Tꜳ => Ꜳ
54 A735	A734	# Tꜵ => Ꜵ
54 A737	A736	# Tꜷ => Ꜷ
54 A739	A738	# Tꜹ => Ꜹ
54 A73B	A73A	# Tꜻ => Ꜻ
54 A73D	A73C	# Tꜽ => Ꜽ
54 A73F	A73E	# Tꜿ => Ꜿ
54 A741	A740	# Tꝁ => Ꝁ
54 A743	A742	# Tꝃ => Ꝃ
54 A745	A744	# Tꝅ => Ꝅ
54 A747	A746	# Tꝇ => Ꝇ
54 A749	A748	# Tꝉ => Ꝉ
54 A74B	A74A	# Tꝋ => Ꝋ
54 A74D	A74C	# Tꝍ => Ꝍ
54 A74F	A74E	# Tꝏ => Ꝏ
54 A751	A750	# Tꝑ => Ꝑ
54 A753	A752	# Tꝓ => Ꝓ
54 A755	A754	# Tꝕ => Ꝕ
54 A757	A756	# Tꝗ => Ꝗ
54 A759	A758	# Tꝙ => Ꝙ
54 A75B	A75A	# Tꝛ => Ꝛ
54 A75D	A75C	# Tꝝ => Ꝝ
54 A75F	A75E	# Tꝟ => Ꝟ
54 A761	A760	# Tꝡ => Ꝡ
54 A763	A762	# Tꝣ => Ꝣ
54 A765	A764	# Tꝥ => Ꝥ
54 A767	A766	# Tꝧ => Ꝧ
54 A769	A768	# Tꝩ => Ꝩ
54 A76B	A76A	# Tꝫ => Ꝫ
54 A76D	A76C	# Tꝭ => Ꝭ
54 A76F	A76E	# Tꝯ => Ꝯ
54 A77A	A779	# Tꝺ => Ꝺ
54 A77C	A77B	# Tꝼ => Ꝼ
54 A77F	A77E	# Tꝿ => Ꝿ
54 A781	A780	# Tꞁ => Ꞁ
54 A783	A782	# Tꞃ => Ꞃ
54 A785	A784	# Tꞅ => Ꞅ
54 A787	A786	# Tꞇ => Ꞇ
54 A78C	A78B	# Tꞌ => Ꞌ
54 A791	A790	# Tꞑ => Ꞑ
54 A793	A792	# Tꞓ => Ꞓ
54 A794	A7C4	# Tꞔ => Ꞔ
54 A797	A796	# Tꞗ => Ꞗ
54 A799	A798	# Tꞙ => Ꞙ
54 A79B	A79A	# Tꞛ => Ꞛ
54 A79D	A79C	# Tꞝ => Ꞝ
54 A79F	A79E	# Tꞟ => Ꞟ
54 A7A1	A7A0	# Tꞡ => Ꞡ
54 A7A3	A7A2	# Tꞣ => Ꞣ
54 A7A5	A7A4	# Tꞥ => Ꞥ
54 A7A7	A7A6	# Tꞧ => Ꞧ
54 A7A9	A7A8	# Tꞩ => Ꞩ
54 A7B5	A7B4	# Tꞵ => Ꞵ
54 A7B7	A7B6	# Tꞷ => Ꞷ
54 A7B9	A7B8	# Tꞹ => Ꞹ
54 A7BB	A7BA	# Tꞻ => Ꞻ
54 A7BD	A7BC	# Tꞽ => Ꞽ
54 A7BF	A7BE	# Tꞿ => Ꞿ
54 A7C1	A7C0	# Tꟁ => Ꟁ
54 A7C3	A7C2	# Tꟃ => Ꟃ
54 A7C8	A7C7	# Tꟈ => Ꟈ
54 A7CA	A7C9	# Tꟊ => Ꟊ
54 A7CD	A7CC	# Tꟍ => Ꟍ
54 A7CF	A7CE	# T꟏ => ꟎
54 A7D1	A7D0	# Tꟑ => Ꟑ
54 A7D3	A7D2	# Tꟓ => ꟒
54 A7D5	A7D4	# Tꟕ => ꟔
54 A7D7	A7D6	# Tꟗ => Ꟗ
54 A7D9	A7D8	# Tꟙ => Ꟙ
54 A7DB	A7DA	# Tꟛ => Ꟛ
54 A7F6	A7F5	# Tꟶ => Ꟶ
54 AB53	A7B3	# Tꭓ => Ꭓ
54 FF41	FF21	# Tａ => Ａ
54 FF42	FF22	# Tｂ => Ｂ
54 FF43	FF23	# Tｃ => Ｃ
54 FF44	FF24	# Tｄ => Ｄ
54 FF45	FF25	# Tｅ => Ｅ
54 FF46	FF26	# Tｆ => Ｆ
54 FF47	FF27	# Tｇ => Ｇ
54 FF48	FF28	# Tｈ => Ｈ
54 FF49	FF29	# Tｉ => Ｉ
54 FF4A	FF2A	# Tｊ => Ｊ
54 FF4B	FF2B	# Tｋ => Ｋ
54 FF4C	FF2C	# Tｌ => Ｌ
54 FF4D	FF2D	# Tｍ => Ｍ
54 FF4E	FF2E	# Tｎ => Ｎ
54 FF4F	FF2F	# Tｏ => Ｏ
54 FF50	FF30	# Tｐ => Ｐ
54 FF51	FF31	# Tｑ => Ｑ
54 FF52	FF32	# Tｒ => Ｒ
54 FF53	FF33	# Tｓ => Ｓ
54 FF54	FF34	# Tｔ => Ｔ
54 FF55	FF35	# Tｕ => Ｕ
54 FF56	FF36	# Tｖ => Ｖ
54 FF57	FF37	# Tｗ => Ｗ
54 FF58	FF38	# Tｘ => Ｘ
54 FF59	FF39	# Tｙ => Ｙ
54 FF5A	FF3A	# Tｚ => Ｚ
54 10428	10400	# T𐐨 => 𐐀
54 10429	10401	# T𐐩 => 𐐁
54 1042A	10402	# T𐐪 => 𐐂
54 1042B	10403	# T𐐫 => 𐐃
54 1042C	10404	# T𐐬 => 𐐄
54 1042D	10405	# T𐐭 => 𐐅
54 1042E	10406	# T𐐮 => 𐐆
54 1042F	10407	# T𐐯 => 𐐇
54 10430	10408	# T𐐰 => 𐐈
54 10431	10409	# T𐐱 => 𐐉
54 10432	1040A	# T𐐲 => 𐐊
54 10433	1040B	# T𐐳 => 𐐋
54 10434	1040C	# T𐐴 => 𐐌
54 10435	1040D	# T𐐵 => 𐐍
54 10436	1040E	# T𐐶 => 𐐎
54 10437	1040F	# T𐐷 => 𐐏
54 10438	10410	# T𐐸 => 𐐐
54 10439	10411	# T𐐹 => 𐐑
54 1043A	10412	# T𐐺 => 𐐒
54 1043B	10413	# T𐐻 => 𐐓
54 1043C	10414	# T𐐼 => 𐐔
54 1043D	10415	# T𐐽 => 𐐕
54 1043E	10416	# T𐐾 => 𐐖
54 1043F	10417	# T𐐿 => 𐐗
54 10440	10418	# T𐑀 => 𐐘
54 10441	10419	# T𐑁 => 𐐙
54 10442	1041A	# T𐑂 => 𐐚
54 10443	1041B	# T𐑃 => 𐐛
54 10444	1041C	# T𐑄 => 𐐜
54 10445	1041D	# T𐑅 => 𐐝
54 10446	1041E	# T𐑆 => 𐐞
54 10447	1041F	# T𐑇 => 𐐟
54 10448	10420	# T𐑈 => 𐐠
54 10449	10421	# T𐑉 => 𐐡
54 1044A	10422	# T𐑊 => 𐐢
54 1044B	10423	# T𐑋 => 𐐣
54 1044C	10424	# T𐑌 => 𐐤
54 1044D	10425	# T𐑍 => 𐐥
54 1044E	10426	# T𐑎 => 𐐦
54 1044F	10427	# T𐑏 => 𐐧
54 104D8	104B0	# T𐓘 => 𐒰
54 104D9	104B1	# T𐓙 => 𐒱
54 104DA	104B2	# T𐓚 => 𐒲
54 104DB	104B3	# T𐓛 => 𐒳
54 104DC	104B4	# T𐓜 => 𐒴
54 104DD	104B5	# T𐓝 => 𐒵
54 104DE	104B6	# T𐓞 => 𐒶
54 104DF	104B7	# T𐓟 => 𐒷
54 104E0	104B8	# T𐓠 => 𐒸
54 104E1	104B9	# T𐓡 => 𐒹
54 104E2	104BA	# T𐓢 => 𐒺
54 104E3	104BB	# T𐓣 => 𐒻
54 104E4	104BC	# T𐓤 => 𐒼
54 104E5	104BD	# T𐓥 => 𐒽
54 104E6	104BE	# T𐓦 => 𐒾
54 104E7	104BF	# T𐓧 => 𐒿
54 104E8	104C0	# T𐓨 => 𐓀
54 104E9	104C1	# T𐓩 => 𐓁
54 104EA	104C2	# T𐓪 => 𐓂
54 104EB	104C3	# T𐓫 => 𐓃
54 104EC	104C4	# T𐓬 => 𐓄
54 104ED	104C5	# T𐓭 => 𐓅
54 104EE	104C6	# T𐓮 => 𐓆
54 104EF	104C7	# T𐓯 => 𐓇
54 104F0	104C8	# T𐓰 => 𐓈
54 104F1	104C9	# T𐓱 => 𐓉
54 104F2	104CA	# T𐓲 => 𐓊
54 104F3	104CB	# T𐓳 => 𐓋
54 104F4	104CC	# T𐓴 => 𐓌
54 104F5	104CD	# T𐓵 => 𐓍
54 104F6	104CE	# T𐓶 => 𐓎
54 104F7	104CF	# T𐓷 => 𐓏
54 104F8	104D0	# T𐓸 => 𐓐
54 104F9	104D1	# T𐓹 => 𐓑
54 104FA	104D2	# T𐓺 => 𐓒
54 104FB	104D3	# T𐓻 => 𐓓
54 10597	10570	# T𐖗 => 𐕰
54 10598	10571	# T𐖘 => 𐕱
54 10599	10572	# T𐖙 => 𐕲
54 1059A	10573	# T𐖚 => 𐕳
54 1059B	10574	# T𐖛 => 𐕴
54 1059C	10575	# T𐖜 => 𐕵
54 1059D	10576	# T𐖝 => 𐕶
54 1059E	10577	# T𐖞 => 𐕷
54 1059F	10578	# T𐖟 => 𐕸
54 105A0	10579	# T𐖠 => 𐕹
54 105A1	1057A	# T𐖡 => 𐕺
54 105A3	1057C	# T𐖣 => 𐕼
54 105A4	1057D	# T𐖤 => 𐕽
54 105A5	1057E	# T𐖥 => 𐕾
54 105A6	1057F	# T𐖦 => 𐕿
54 105A7	10580	# T𐖧 => 𐖀
54 105A8	10581	# T𐖨 => 𐖁
54 105A9	10582	# T𐖩 => 𐖂
54 105AA	10583	# T𐖪 => 𐖃
54 105AB	10584	# T𐖫 => 𐖄
54 105AC	10585	# T𐖬 => 𐖅
54 105AD	10586	# T𐖭 => 𐖆
54 105AE	10587	# T𐖮 => 𐖇
54 105AF	10588	# T𐖯 => 𐖈
54 105B0	10589	# T𐖰 => 𐖉
54 105B1	1058A	# T𐖱 => 𐖊
54 105B3	1058C	# T𐖳 => 𐖌
54 105B4	1058D	# T𐖴 => 𐖍
54 105B5	1058E	# T𐖵 => 𐖎
54 105B6	1058F	# T𐖶 => 𐖏
54 105B7	10590	# T𐖷 => 𐖐
54 105B8	10591	# T𐖸 => 𐖑
54 105B9	10592	# T𐖹 => 𐖒
54 105BB	10594	# T𐖻 => 𐖔
54 105BC	10595	# T𐖼 => 𐖕
54 10CC0	10C80	# T𐳀 => 𐲀
54 10CC1	10C81	# T𐳁 => 𐲁
54 10CC2	10C82	# T𐳂 => 𐲂
54 10CC3	10C83	# T𐳃 => 𐲃
54 10CC4	10C84	# T𐳄 => 𐲄
54 10CC5	10C85	# T𐳅 => 𐲅
54 10CC6	10C86	# T𐳆 => 𐲆
54 10CC7	10C87	# T𐳇 => 𐲇
54 10CC8	10C88	# T𐳈 => 𐲈
54 10CC9	10C89	# T𐳉 => 𐲉
54 10CCA	10C8A	# T𐳊 => 𐲊
54 10CCB	10C8B	# T𐳋 => 𐲋
54 10CCC	10C8C	# T𐳌 => 𐲌
54 10CCD	10C8D	# T𐳍 => 𐲍
54 10CCE	10C8E	# T𐳎 => 𐲎
54 10CCF	10C8F	# T𐳏 => 𐲏
54 10CD0	10C90	# T𐳐 => 𐲐
54 10CD1	10C91	# T𐳑 => 𐲑
54 10CD2	10C92	# T𐳒 => 𐲒
54 10CD3	10C93	# T𐳓 => 𐲓
54 10CD4	10C94	# T𐳔 => 𐲔
54 10CD5	10C95	# T𐳕 => 𐲕
54 10CD6	10C96	# T𐳖 => 𐲖
54 10CD7	10C97	# T𐳗 => 𐲗
54 10CD8	10C98	# T𐳘 => 𐲘
54 10CD9	10C99	# T𐳙 => 𐲙
54 10CDA	10C9A	# T𐳚 => 𐲚
54 10CDB	10C9B	# T𐳛 => 𐲛
54 10CDC	10C9C	# T𐳜 => 𐲜
54 10CDD	10C9D	# T𐳝 => 𐲝
54 10CDE	10C9E	# T𐳞 => 𐲞
54 10CDF	10C9F	# T𐳟 => 𐲟
54 10CE0	10CA0	# T𐳠 => 𐲠
54 10CE1	10CA1	# T𐳡 => 𐲡
54 10CE2	10CA2	# T𐳢 => 𐲢
54 10CE3	10CA3	# T𐳣 => 𐲣
54 10CE4	10CA4	# T𐳤 => 𐲤
54 10CE5	10CA5	# T𐳥 => 𐲥
54 10CE6	10CA6	# T𐳦 => 𐲦
54 10CE7	10CA7	# T𐳧 => 𐲧
54 10CE8	10CA8	# T𐳨 => 𐲨
54 10CE9	10CA9	# T𐳩 => 𐲩
54 10CEA	10CAA	# T𐳪 => 𐲪
54 10CEB	10CAB	# T𐳫 => 𐲫
54 10CEC	10CAC	# T𐳬 => 𐲬
54 10CED	10CAD	# T𐳭 => 𐲭
54 10CEE	10CAE	# T𐳮 => 𐲮
54 10CEF	10CAF	# T𐳯 => 𐲯
54 10CF0	10CB0	# T𐳰 => 𐲰
54 10CF1	10CB1	# T𐳱 => 𐲱
54 10CF2	10CB2	# T𐳲 => 𐲲
54 10D70	10D50	# T𐵰 => 𐵐
54 10D71	10D51	# T𐵱 => 𐵑
54 10D72	10D52	# T𐵲 => 𐵒
54 10D73	10D53	# T𐵳 => 𐵓
54 10D74	10D54	# T𐵴 => 𐵔
54 10D75	10D55	# T𐵵 => 𐵕
54 10D76	10D56	# T𐵶 => 𐵖
54 10D77	10D57	# T𐵷 => 𐵗
54 10D78	10D58	# T𐵸 => 𐵘
54 10D79	10D59	# T𐵹 => 𐵙
54 10D7A	10D5A	# T𐵺 => 𐵚
54 10D7B	10D5B	# T𐵻 => 𐵛
54 10D7C	10D5C	# T𐵼 => 𐵜
54 10D7D	10D5D	# T𐵽 => 𐵝
54 10D7E	10D5E	# T𐵾 => 𐵞
54 10D7F	10D5F	# T𐵿 => 𐵟
54 10D80	10D60	# T𐶀 => 𐵠
54 10D81	10D61	# T𐶁 => 𐵡
54 10D82	10D62	# T𐶂 => 𐵢
54 10D83	10D63	# T𐶃 => 𐵣
54 10D84	10D64	# T𐶄 => 𐵤
54 10D85	10D65	# T𐶅 => 𐵥
54 118C0	118A0	# T𑣀 => 𑢠
54 118C1	118A1	# T𑣁 => 𑢡
54 118C2	118A2	# T𑣂 => 𑢢
54 118C3	118A3	# T𑣃 => 𑢣
54 118C4	118A4	# T𑣄 => 𑢤
54 118C5	118A5	# T𑣅 => 𑢥
54 118C6	118A6	# T𑣆 => 𑢦
54 118C7	118A7	# T𑣇 => 𑢧
54 118C8	118A8	# T𑣈 => 𑢨
54 118C9	118A9	# T𑣉 => 𑢩
54 118CA	118AA	# T𑣊 => 𑢪
54 118CB	118AB	# T𑣋 => 𑢫
54 118CC	118AC	# T𑣌 => 𑢬
54 118CD	118AD	# T𑣍 => 𑢭
54 118CE	118AE	# T𑣎 => 𑢮
54 118CF	118AF	# T𑣏 => 𑢯
54 118D0	118B0	# T𑣐 => 𑢰
54 118D1	118B1	# T𑣑 => 𑢱
54 118D2	118B2	# T𑣒 => 𑢲
54 118D3	118B3	# T𑣓 => 𑢳
54 118D4	118B4	# T𑣔 => 𑢴
54 118D5	118B5	# T𑣕 => 𑢵
54 118D6	118B6	# T𑣖 => 𑢶
54 118D7	118B7	# T𑣗 => 𑢷
54 118D8	118B8	# T𑣘 => 𑢸
54 118D9	118B9	# T𑣙 => 𑢹
54 118DA	118BA	# T𑣚 => 𑢺
54 118DB	118BB	# T𑣛 => 𑢻
54 118DC	118BC	# T𑣜 => 𑢼
54 118DD	118BD	# T𑣝 => 𑢽
54 118DE	118BE	# T𑣞 => 𑢾
54 118DF	118BF	# T𑣟 => 𑢿
54 16E60	16E40	# T𖹠 => 𖹀
54 16E61	16E41	# T𖹡 => 𖹁
54 16E62	16E42	# T𖹢 => 𖹂
54 16E63	16E43	# T𖹣 => 𖹃
54 16E64	16E44	# T𖹤 => 𖹄
54 16E65	16E45	# T𖹥 => 𖹅
54 16E66	16E46	# T𖹦 => 𖹆
54 16E67	16E47	# T𖹧 => 𖹇
54 16E68	16E48	# T𖹨 => 𖹈
54 16E69	16E49	# T𖹩 => 𖹉
54 16E6A	16E4A	# T𖹪 => 𖹊
54 16E6B	16E4B	# T𖹫 => 𖹋
54 16E6C	16E4C	# T𖹬 => 𖹌
54 16E6D	16E4D	# T𖹭 => 𖹍
54 16E6E	16E4E	# T𖹮 => 𖹎
54 16E6F	16E4F	# T𖹯 => 𖹏
54 16E70	16E50	# T𖹰 => 𖹐
54 16E71	16E51	# T𖹱 => 𖹑
54 16E72	16E52	# T𖹲 => 𖹒
54 16E73	16E53	# T𖹳 => 𖹓
54 16E74	16E54	# T𖹴 => 𖹔
54 16E75	16E55	# T𖹵 => 𖹕
54 16E76	16E56	# T𖹶 => 𖹖
54 16E77	16E57	# T𖹷 => 𖹗
54 16E78	16E58	# T𖹸 => 𖹘
54 16E79	16E59	# T𖹹 => 𖹙
54 16E7A	16E5A	# T𖹺 => 𖹚
54 16E7B	16E5B	# T𖹻 => 𖹛
54 16E7C	16E5C	# T𖹼 => 𖹜
54 16E7D	16E5D	# T𖹽 => 𖹝
54 16E7E	16E5E	# T𖹾 => 𖹞
54 16E7F	16E5F	# T𖹿 => 𖹟
54 16EBB	16EA0	# T𖺻 => 𖺠
54 16EBC	16EA1	# T𖺼 => 𖺡
54 16EBD	16EA2	# T𖺽 => 𖺢
54 16EBE	16EA3	# T𖺾 => 𖺣
54 16EBF	16EA4	# T𖺿 => 𖺤
54 16EC0	16EA5	# T𖻀 => 𖺥
54 16EC1	16EA6	# T𖻁 => 𖺦
54 16EC2	16EA7	# T𖻂 => 𖺧
54 16EC3	16EA8	# T𖻃 => 𖺨
54 16EC4	16EA9	# T𖻄 => 𖺩
54 16EC5	16EAA	# T𖻅 => 𖺪
54 16EC6	16EAB	# T𖻆 => 𖺫
54 16EC7	16EAC	# T𖻇 => 𖺬
54 16EC8	16EAD	# T𖻈 => 𖺭
54 16EC9	16EAE	# T𖻉 => 𖺮
54 16ECA	16EAF	# T𖻊 => 𖺯
54 16ECB	16EB0	# T𖻋 => 𖺰
54 16ECC	16EB1	# T𖻌 => 𖺱
54 16ECD	16EB2	# T𖻍 => 𖺲
54 16ECE	16EB3	# T𖻎 => 𖺳
54 16ECF	16EB4	# T𖻏 => 𖺴
54 16ED0	16EB5	# T𖻐 => 𖺵
54 16ED1	16EB6	# T𖻑 => 𖺶
54 16ED2	16EB7	# T𖻒 => 𖺷
54 16ED3	16EB8	# T𖻓 => 𖺸
54 1E922	1E900	# T𞤢 => 𞤀
54 1E923	1E901	# T𞤣 => 𞤁
54 1E924	1E902	# T𞤤 => 𞤂
54 1E925	1E903	# T𞤥 => 𞤃
54 1E926	1E904	# T𞤦 => 𞤄
54 1E927	1E905	# T𞤧 => 𞤅
54 1E928	1E906	# T𞤨 => 𞤆
54 1E929	1E907	# T𞤩 => 𞤇
54 1E92A	1E908	# T𞤪 => 𞤈
54 1E92B	1E909	# T𞤫 => 𞤉
54 1E92C	1E90A	# T𞤬 => 𞤊
54 1E92D	1E90B	# T𞤭 => 𞤋
54 1E92E	1E90C	# T𞤮 => 𞤌
54 1E92F	1E90D	# T𞤯 => 𞤍
54 1E930	1E90E	# T𞤰 => 𞤎
54 1E931	1E90F	# T𞤱 => 𞤏
54 1E932	1E910	# T𞤲 => 𞤐
54 1E933	1E911	# T𞤳 => 𞤑
54 1E934	1E912	# T𞤴 => 𞤒
54 1E935	1E913	# T𞤵 => 𞤓
54 1E936	1E914	# T𞤶 => 𞤔
54 1E937	1E915	# T𞤷 => 𞤕
54 1E938	1E916	# T𞤸 => 𞤖
54 1E939	1E917	# T𞤹 => 𞤗
54 1E93A	1E918	# T𞤺 => 𞤘
54 1E93B	1E919	# T𞤻 => 𞤙
54 1E93C	1E91A	# T𞤼 => 𞤚
54 1E93D	1E91B	# T𞤽 => 𞤛
54 1E93E	1E91C	# T𞤾 => 𞤜
54 1E93F	1E91D	# T𞤿 => 𞤝
54 1E940	1E91E	# T𞥀 => 𞤞
54 1E941	1E91F	# T𞥁 => 𞤟
54 1E942	1E920	# T𞥂 => 𞤠
54 1E943	1E921	# T𞥃 => 𞤡
55 61	41	# Ua => A
55 62	42	# Ub => B
55 63	43	# Uc => C
55 64	44	# Ud => D
55 65	45	# Ue => E
55 66	46	# Uf => F
55 67	47	# Ug => G
55 68	48	# Uh => H
55 69	49	# Ui => I
55 6A	4A	# Uj => J
55 6B	4B	# Uk => K
55 6C	4C	# Ul => L
55 6D	4D	# Um => M
55 6E	4E	# Un => N
55 6F	4F	# Uo => O
55 70	50	# Up => P
55 71	51	# Uq => Q
55 72	52	# Ur => R
55 73	53	# Us => S
55 74	54	# Ut => T
55 75	55	# Uu => U
55 76	56	# Uv => V
55 77	57	# Uw => W
55 78	58	# Ux => X
55 79	59	# Uy => Y
55 7A	5A	# Uz => Z
55 DF	1E9E	# Uß => ẞ
55 E0	C0	# Uà => À
55 E1	C1	# Uá => Á
55 E2	C2	# Uâ => Â
55 E3	C3	# Uã => Ã
55 E4	C4	# Uä => Ä
55 E5	C5	# Uå => Å
55 E6	C6	# Uæ => Æ
55 E7	C7	# Uç => Ç
55 E8	C8	# Uè => È
55 E9	C9	# Ué => É
55 EA	CA	# Uê => Ê
55 EB	CB	# Uë => Ë
55 EC	CC	# Uì => Ì
55 ED	CD	# Uí => Í
55 EE	CE	# Uî => Î
55 EF	CF	# Uï => Ï
55 F0	D0	# Uð => Ð
55 F1	D1	# Uñ => Ñ
55 F2	D2	# Uò => Ò
55 F3	D3	# Uó => Ó
55 F4	D4	# Uô => Ô
55 F5	D5	# Uõ => Õ
55 F6	D6	# Uö => Ö
55 F8	D8	# Uø => Ø
55 F9	D9	# Uù => Ù
55 FA	DA	# Uú => Ú
55 FB	DB	# Uû => Û
55 FC	DC	# Uü => Ü
55 FD	DD	# Uý => Ý
55 FE	DE	# Uþ => Þ
55 FF	178	# Uÿ => Ÿ
55 101	100	# Uā => Ā
55 103	102	# Uă => Ă
55 105	104	# Uą => Ą
55 107	106	# Uć => Ć
55 109	108	# Uĉ => Ĉ
55 10B	10A	# Uċ => Ċ
55 10D	10C	# Uč => Č
55 10F	10E	# Uď => Ď
55 111	110	# Uđ => Đ
55 113	112	# Uē => Ē
55 115	114	# Uĕ => Ĕ
55 117	116	# Uė => Ė
55 119	118	# Uę => Ę
55 11B	11A	# Uě => Ě
55 11D	11C	# Uĝ => Ĝ
55 11F	11E	# Uğ => Ğ
55 121	120	# Uġ => Ġ
55 123	122	# Uģ => Ģ
55 125	124	# Uĥ => Ĥ
55 127	126	# Uħ => Ħ
55 129	128	# Uĩ => Ĩ
55 12B	12A	# Uī => Ī
55 12D	12C	# Uĭ => Ĭ
55 12F	12E	# Uį => Į
55 133	132	# Uĳ => Ĳ
55 135	134	# Uĵ => Ĵ
55 137	136	# Uķ => Ķ
55 13A	139	# Uĺ => Ĺ
55 13C	13B	# Uļ => Ļ
55 13E	13D	# Uľ => Ľ
55 140	13F	# Uŀ => Ŀ
55 142	141	# Uł => Ł
55 144	143	# Uń => Ń
55 146	145	# Uņ => Ņ
55 148	147	# Uň => Ň
55 14B	14A	# Uŋ => Ŋ
55 14D	14C	# Uō => Ō
55 14F	14E	# Uŏ => Ŏ
55 151	150	# Uő => Ő
55 153	152	# Uœ => Œ
55 155	154	# Uŕ => Ŕ
55 157	156	# Uŗ => Ŗ
55 159	158	# Uř => Ř
55 15B	15A	# Uś => Ś
55 15D	15C	# Uŝ => Ŝ
55 15F	15E	# Uş => Ş
55 161	160	# Uš => Š
55 163	162	# Uţ => Ţ
55 165	164	# Uť => Ť
55 167	166	# Uŧ => Ŧ
55 169	168	# Uũ => Ũ
55 16B	16A	# Uū => Ū
55 16D	16C	# Uŭ => Ŭ
55 16F	16E	# Uů => Ů
55 171	170	# Uű => Ű
55 173	172	# Uų => Ų
55 175	174	# Uŵ => Ŵ
55 177	176	# Uŷ => Ŷ
55 17A	179	# Uź => Ź
55 17C	17B	# Uż => Ż
55 17E	17D	# Už => Ž
55 180	243	# Uƀ => Ƀ
55 183	182	# Uƃ => Ƃ
55 185	184	# Uƅ => Ƅ
55 188	187	# Uƈ => Ƈ
55 18C	18B	# Uƌ => Ƌ
55 192	191	# Uƒ => Ƒ
55 195	1F6	# Uƕ => Ƕ
55 199	198	# Uƙ => Ƙ
55 19A	23D	# Uƚ => Ƚ
55 19B	A7DC	# Uƛ => Ƛ
55 19E	220	# Uƞ => Ƞ
55 1A1	1A0	# Uơ => Ơ
55 1A3	1A2	# Uƣ => Ƣ
55 1A5	1A4	# Uƥ => Ƥ
55 1A8	1A7	# Uƨ => Ƨ
55 1AD	1AC	# Uƭ => Ƭ
55 1B0	1AF	# Uư => Ư
55 1B4	1B3	# Uƴ => Ƴ
55 1B6	1B5	# Uƶ => Ƶ
55 1B9	1B8	# Uƹ => Ƹ
55 1BD	1BC	# Uƽ => Ƽ
55 1BF	1F7	# Uƿ => Ƿ
55 1C6	1C4	# Uǆ => Ǆ
55 1C9	1C7	# Uǉ => Ǉ
55 1CC	1CA	# Uǌ => Ǌ
55 1CE	1CD	# Uǎ => Ǎ
55 1D0	1CF	# Uǐ => Ǐ
55 1D2	1D1	# Uǒ => Ǒ
55 1D4	1D3	# Uǔ => Ǔ
55 1D6	1D5	# Uǖ => Ǖ
55 1D8	1D7	# Uǘ => Ǘ
55 1DA	1D9	# Uǚ => Ǚ
55 1DC	1DB	# Uǜ => Ǜ
55 1DD	18E	# Uǝ => Ǝ
55 1DF	1DE	# Uǟ => Ǟ
55 1E1	1E0	# Uǡ => Ǡ
55 1E3	1E2	# Uǣ => Ǣ
55 1E5	1E4	# Uǥ => Ǥ
55 1E7	1E6	# Uǧ => Ǧ
55 1E9	1E8	# Uǩ => Ǩ
55 1EB	1EA	# Uǫ => Ǫ
55 1ED	1EC	# Uǭ => Ǭ
55 1EF	1EE	# Uǯ => Ǯ
55 1F3	1F1	# Uǳ => Ǳ
55 1F5	1F4	# Uǵ => Ǵ
55 1F9	1F8	# Uǹ => Ǹ
55 1FB	1FA	# Uǻ => Ǻ
55 1FD	1FC	# Uǽ => Ǽ
55 1FF	1FE	# Uǿ => Ǿ
55 201	200	# Uȁ => Ȁ
55 203	202	# Uȃ => Ȃ
55 205	204	# Uȅ => Ȅ
55 207	206	# Uȇ => Ȇ
55 209	208	# Uȉ => Ȉ
55 20B	20A	# Uȋ => Ȋ
55 20D	20C	# Uȍ => Ȍ
55 20F	20E	# Uȏ => Ȏ
55 211	210	# Uȑ => Ȑ
55 213	212	# Uȓ => Ȓ
55 215	214	# Uȕ => Ȕ
55 217	216	# Uȗ => Ȗ
55 219	218	# Uș => Ș
55 21B	21A	# Uț => Ț
55 21D	21C	# Uȝ => Ȝ
55 21F	21E	# Uȟ => Ȟ
55 223	222	# Uȣ => Ȣ
55 225	224	# Uȥ => Ȥ
55 227	226	# Uȧ => Ȧ
55 229	228	# Uȩ => Ȩ
55 22B	22A	# Uȫ => Ȫ
55 22D	22C	# Uȭ => Ȭ
55 22F	22E	# Uȯ => Ȯ
55 231	230	# Uȱ => Ȱ
55 233	232	# Uȳ => Ȳ
55 23C	23B	# Uȼ => Ȼ
55 23F	2C7E	# Uȿ => Ȿ
55 240	2C7F	# Uɀ => Ɀ
55 242	241	# Uɂ => Ɂ
55 247	246	# Uɇ => Ɇ
55 249	248	# Uɉ => Ɉ
55 24B	24A	# Uɋ => Ɋ
55 24D	24C	# Uɍ => Ɍ
55 24F	24E	# Uɏ => Ɏ
55 250	2C6F	# Uɐ => Ɐ
55 251	2C6D	# Uɑ => Ɑ
55 252	2C70	# Uɒ => Ɒ
55 253	181	# Uɓ => Ɓ
55 254	186	# Uɔ => Ɔ
55 256	189	# Uɖ => Ɖ
55 257	18A	# Uɗ => Ɗ
55 259	18F	# Uə => Ə
55 25B	190	# Uɛ => Ɛ
55 25C	A7AB	# Uɜ => Ɜ
55 260	193	# Uɠ => Ɠ
55 261	A7AC	# Uɡ => Ɡ
55 263	194	# Uɣ => Ɣ
55 264	A7CB	# Uɤ => Ɤ
55 265	A78D	# Uɥ => Ɥ
55 266	A7AA	# Uɦ => Ɦ
55 268	197	# Uɨ => Ɨ
55 269	196	# Uɩ => Ɩ
55 26A	A7AE	# Uɪ => Ɪ
55 26B	2C62	# Uɫ => Ɫ
55 26C	A7AD	# Uɬ => Ɬ
55 26F	19C	# Uɯ => Ɯ
55 271	2C6E	# Uɱ => Ɱ
55 272	19D	# Uɲ => Ɲ
55 275	19F	# Uɵ => Ɵ
55 27D	2C64	# Uɽ => Ɽ
55 280	1A6	# Uʀ => Ʀ
55 282	A7C5	# Uʂ => Ʂ
55 283	1A9	# Uʃ => Ʃ
55 287	A7B1	# Uʇ => Ʇ
55 288	1AE	# Uʈ => Ʈ
55 289	244	# Uʉ => Ʉ
55 28A	1B1	# Uʊ => Ʊ
55 28B	1B2	# Uʋ => Ʋ
55 28C	245	# Uʌ => Ʌ
55 292	1B7	# Uʒ => Ʒ
55 29D	A7B2	# Uʝ => Ʝ
55 29E	A7B0	# Uʞ => Ʞ
55 371	370	# Uͱ => Ͱ
55 373	372	# Uͳ => Ͳ
55 377	376	# Uͷ => Ͷ
55 37B	3FD	# Uͻ => Ͻ
55 37C	3FE	# Uͼ => Ͼ
55 37D	3FF	# Uͽ => Ͽ
55 3AC	386	# Uά => Ά
55 3AD	388	# Uέ => Έ
55 3AE	389	# Uή => Ή
55 3AF	38A	# Uί => Ί
55 3B1	391	# Uα => Α
55 3B2	392	# Uβ => Β
55 3B3	393	# Uγ => Γ
55 3B4	394	# Uδ => Δ
55 3B5	395	# Uε => Ε
55 3B6	396	# Uζ => Ζ
55 3B7	397	# Uη => Η
55 3B8	398	# Uθ => Θ
55 3B9	399	# Uι => Ι
55 3BA	39A	# Uκ => Κ
55 3BB	39B	# Uλ => Λ
55 3BC	39C	# Uμ => Μ
55 3BD	39D	# Uν => Ν
55 3BE	39E	# Uξ => Ξ
55 3BF	39F	# Uο => Ο
55 3C0	3A0	# Uπ => Π
55 3C1	3A1	# Uρ => Ρ
55 3C3	3A3	# Uσ => Σ
55 3C4	3A4	# Uτ => Τ
55 3C5	3A5	# Uυ => Υ
55 3C6	3A6	# Uφ => Φ
55 3C7	3A7	# Uχ => Χ
55 3C8	3A8	# Uψ => Ψ
55 3C9	3A9	# Uω => Ω
55 3CA	3AA	# Uϊ => Ϊ
55 3CB	3AB	# Uϋ => Ϋ
55 3CC	38C	# Uό => Ό
55 3CD	38E	# Uύ => Ύ
55 3CE	38F	# Uώ => Ώ
55 3D7	3CF	# Uϗ => Ϗ
55 3D9	3D8	# Uϙ => Ϙ
55 3DB	3DA	# Uϛ => Ϛ
55 3DD	3DC	# Uϝ => Ϝ
55 3DF	3DE	# Uϟ => Ϟ
55 3E1	3E0	# Uϡ => Ϡ
55 3E3	3E2	# Uϣ => Ϣ
55 3E5	3E4	# Uϥ => Ϥ
55 3E7	3E6	# Uϧ => Ϧ
55 3E9	3E8	# Uϩ => Ϩ
55 3EB	3EA	# Uϫ => Ϫ
55 3ED	3EC	# Uϭ => Ϭ
55 3EF	3EE	# Uϯ => Ϯ
55 3F2	3F9	# Uϲ => Ϲ
55 3F3	37F	# Uϳ => Ϳ
55 3F8	3F7	# Uϸ => Ϸ
55 3FB	3FA	# Uϻ => Ϻ
55 430	410	# Uа => А
55 431	411	# Uб => Б
55 432	412	# Uв => В
55 433	413	# Uг => Г
55 434	414	# Uд => Д
55 435	415	# Uе => Е
55 436	416	# Uж => Ж
55 437	417	# Uз => З
55 438	418	# Uи => И
55 439	419	# Uй => Й
55 43A	41A	# Uк => К
55 43B	41B	# Uл => Л
55 43C	41C	# Uм => М
55 43D	41D	# Uн => Н
55 43E	41E	# Uо => О
55 43F	41F	# Uп => П
55 440	420	# Uр => Р
55 441	421	# Uс => С
55 442	422	# Uт => Т
55 443	423	# Uу => У
55 444	424	# Uф => Ф
55 445	425	# Uх => Х
55 446	426	# Uц => Ц
55 447	427	# Uч => Ч
55 448	428	# Uш => Ш
55 449	429	# Uщ => Щ
55 44A	42A	# Uъ => Ъ
55 44B	42B	# Uы => Ы
55 44C	42C	# Uь => Ь
55 44D	42D	# Uэ => Э
55 44E	42E	# Uю => Ю
55 44F	42F	# Uя => Я
55 450	400	# Uѐ => Ѐ
55 451	401	# Uё => Ё
55 452	402	# Uђ => Ђ
55 453	403	# Uѓ => Ѓ
55 454	404	# Uє => Є
55 455	405	# Uѕ => Ѕ
55 456	406	# Uі => І
55 457	407	# Uї => Ї
55 458	408	# Uј => Ј
55 459	409	# Uљ => Љ
55 45A	40A	# Uњ => Њ
55 45B	40B	# Uћ => Ћ
55 45C	40C	# Uќ => Ќ
55 45D	40D	# Uѝ => Ѝ
55 45E	40E	# Uў => Ў
55 45F	40F	# Uџ => Џ
55 461	460	# Uѡ => Ѡ
55 463	462	# Uѣ => Ѣ
55 465	464	# Uѥ => Ѥ
55 467	466	# Uѧ => Ѧ
55 469	468	# Uѩ => Ѩ
55 46B	46A	# Uѫ => Ѫ
55 46D	46C	# Uѭ => Ѭ
55 46F	46E	# Uѯ => Ѯ
55 471	470	# Uѱ => Ѱ
55 473	472	# Uѳ => Ѳ
55 475	474	# Uѵ => Ѵ
55 477	476	# Uѷ => Ѷ
55 479	478	# Uѹ => Ѹ
55 47B	47A	# Uѻ => Ѻ
55 47D	47C	# Uѽ => Ѽ
55 47F	47E	# Uѿ => Ѿ
55 481	480	# Uҁ => Ҁ
55 48B	48A	# Uҋ => Ҋ
55 48D	48C	# Uҍ => Ҍ
55 48F	48E	# Uҏ => Ҏ
55 491	490	# Uґ => Ґ
55 493	492	# Uғ => Ғ
55 495	494	# Uҕ => Ҕ
55 497	496	# Uҗ => Җ
55 499	498	# Uҙ => Ҙ
55 49B	49A	# Uқ => Қ
55 49D	49C	# Uҝ => Ҝ
55 49F	49E	# Uҟ => Ҟ
55 4A1	4A0	# Uҡ => Ҡ
55 4A3	4A2	# Uң => Ң
55 4A5	4A4	# Uҥ => Ҥ
55 4A7	4A6	# Uҧ => Ҧ
55 4A9	4A8	# Uҩ => Ҩ
55 4AB	4AA	# Uҫ => Ҫ
55 4AD	4AC	# Uҭ => Ҭ
55 4AF	4AE	# Uү => Ү
55 4B1	4B0	# Uұ => Ұ
55 4B3	4B2	# Uҳ => Ҳ
55 4B5	4B4	# Uҵ => Ҵ
55 4B7	4B6	# Uҷ => Ҷ
55 4B9	4B8	# Uҹ => Ҹ
55 4BB	4BA	# Uһ => Һ
55 4BD	4BC	# Uҽ => Ҽ
55 4BF	4BE	# Uҿ => Ҿ
55 4C2	4C1	# Uӂ => Ӂ
55 4C4	4C3	# Uӄ => Ӄ
55 4C6	4C5	# Uӆ => Ӆ
55 4C8	4C7	# Uӈ => Ӈ
55 4CA	4C9	# Uӊ => Ӊ
55 4CC	4CB	# Uӌ => Ӌ
55 4CE	4CD	# Uӎ => Ӎ
55 4CF	4C0	# Uӏ => Ӏ
55 4D1	4D0	# Uӑ => Ӑ
55 4D3	4D2	# Uӓ => Ӓ
55 4D5	4D4	# Uӕ => Ӕ
55 4D7	4D6	# Uӗ => Ӗ
55 4D9	4D8	# Uә => Ә
55 4DB	4DA	# Uӛ => Ӛ
55 4DD	4DC	# Uӝ => Ӝ
55 4DF	4DE	# Uӟ => Ӟ
55 4E1	4E0	# Uӡ => Ӡ
55 4E3	4E2	# Uӣ => Ӣ
55 4E5	4E4	# Uӥ => Ӥ
55 4E7	4E6	# Uӧ => Ӧ
55 4E9	4E8	# Uө => Ө
55 4EB	4EA	# Uӫ => Ӫ
55 4ED	4EC	# Uӭ => Ӭ
55 4EF	4EE	# Uӯ => Ӯ
55 4F1	4F0	# Uӱ => Ӱ
55 4F3	4F2	# Uӳ => Ӳ
55 4F5	4F4	# Uӵ => Ӵ
55 4F7	4F6	# Uӷ => Ӷ
55 4F9	4F8	# Uӹ => Ӹ
55 4FB	4FA	# Uӻ => Ӻ
55 4FD	4FC	# Uӽ => Ӽ
55 4FF	4FE	# Uӿ => Ӿ
55 501	500	# Uԁ => Ԁ
55 503	502	# Uԃ => Ԃ
55 505	504	# Uԅ => Ԅ
55 507	506	# Uԇ => Ԇ
55 509	508	# Uԉ => Ԉ
55 50B	50A	# Uԋ => Ԋ
55 50D	50C	# Uԍ => Ԍ
55 50F	50E	# Uԏ => Ԏ
55 511	510	# Uԑ => Ԑ
55 513	512	# Uԓ => Ԓ
55 515	514	# Uԕ => Ԕ
55 517	516	# Uԗ => Ԗ
55 519	518	# Uԙ => Ԙ
55 51B	51A	# Uԛ => Ԛ
55 51D	51C	# Uԝ => Ԝ
55 51F	51E	# Uԟ => Ԟ
55 521	520	# Uԡ => Ԡ
55 523	522	# Uԣ => Ԣ
55 525	524	# Uԥ => Ԥ
55 527	526	# Uԧ => Ԧ
55 529	528	# Uԩ => Ԩ
55 52B	52A	# Uԫ => Ԫ
55 52D	52C	# Uԭ => Ԭ
55 52F	52E	# Uԯ => Ԯ
55 561	531	# Uա => Ա
55 562	532	# Uբ => Բ
55 563	533	# Uգ => Գ
55 564	534	# Uդ => Դ
55 565	535	# Uե => Ե
55 566	536	# Uզ => Զ
55 567	537	# Uէ => Է
55 568	538	# Uը => Ը
55 569	539	# Uթ => Թ
55 56A	53A	# Uժ => Ժ
55 56B	53B	# Uի => Ի
55 56C	53C	# Uլ => Լ
55 56D	53D	# Uխ => Խ
55 56E	53E	# Uծ => Ծ
55 56F	53F	# Uկ => Կ
55 570	540	# Uհ => Հ
55 571	541	# Uձ => Ձ
55 572	542	# Uղ => Ղ
55 573	543	# Uճ => Ճ
55 574	544	# Uմ => Մ
55 575	545	# Uյ => Յ
55 576	546	# Uն => Ն
55 577	547	# Uշ => Շ
55 578	548	# Uո => Ո
55 579	549	# Uչ => Չ
55 57A	54A	# Uպ => Պ
55 57B	54B	# Uջ => Ջ
55 57C	54C	# Uռ => Ռ
55 57D	54D	# Uս => Ս
55 57E	54E	# Uվ => Վ
55 57F	54F	# Uտ => Տ
55 580	550	# Uր => Ր
55 581	551	# Uց => Ց
55 582	552	# Uւ => Ւ
55 583	553	# Uփ => Փ
55 584	554	# Uք => Ք
55 585	555	# Uօ => Օ
55 586	556	# Uֆ => Ֆ
55 10D0	1C90	# Uა => Ა
55 10D1	1C91	# Uბ => Ბ
55 10D2	1C92	# Uგ => Გ
55 10D3	1C93	# Uდ => Დ
55 10D4	1C94	# Uე => Ე
55 10D5	1C95	# Uვ => Ვ
55 10D6	1C96	# Uზ => Ზ
55 10D7	1C97	# Uთ => Თ
55 10D8	1C98	# Uი => Ი
55 10D9	1C99	# Uკ => Კ
55 10DA	1C9A	# Uლ => Ლ
55 10DB	1C9B	# Uმ => Მ
55 10DC	1C9C	# Uნ => Ნ
55 10DD	1C9D	# Uო => Ო
55 10DE	1C9E	# Uპ => Პ
55 10DF	1C9F	# Uჟ => Ჟ
55 10E0	1CA0	# Uრ => Რ
55 10E1	1CA1	# Uს => Ს
55 10E2	1CA2	# Uტ => Ტ
55 10E3	1CA3	# Uუ => Უ
55 10E4	1CA4	# Uფ => Ფ
55 10E5	1CA5	# Uქ => Ქ
55 10E6	1CA6	# Uღ => Ღ
55 10E7	1CA7	# Uყ => Ყ
55 10E8	1CA8	# Uშ => Შ
55 10E9	1CA9	# Uჩ => Ჩ
55 10EA	1CAA	# Uც => Ც
55 10EB	1CAB	# Uძ => Ძ
55 10EC	1CAC	# Uწ => Წ
55 10ED	1CAD	# Uჭ => Ჭ
55 10EE	1CAE	# Uხ => Ხ
55 10EF	1CAF	# Uჯ => Ჯ
55 10F0	1CB0	# Uჰ => Ჰ
55 10F1	1CB1	# Uჱ => Ჱ
55 10F2	1CB2	# Uჲ => Ჲ
55 10F3	1CB3	# Uჳ => Ჳ
55 10F4	1CB4	# Uჴ => Ჴ
55 10F5	1CB5	# Uჵ => Ჵ
55 10F6	1CB6	# Uჶ => Ჶ
55 10F7	1CB7	# Uჷ => Ჷ
55 10F8	1CB8	# Uჸ => Ჸ
55 10F9	1CB9	# Uჹ => Ჹ
55 10FA	1CBA	# Uჺ => Ჺ
55 10FD	1CBD	# Uჽ => Ჽ
55 10FE	1CBE	# Uჾ => Ჾ
55 10FF	1CBF	# Uჿ => Ჿ
55 1C8A	1C89	# Uᲊ => Ᲊ
55 1D79	A77D	# Uᵹ => Ᵹ
55 1D7D	2C63	# Uᵽ => Ᵽ
55 1D8E	A7C6	# Uᶎ => Ᶎ
55 1E01	1E00	# Uḁ => Ḁ
55 1E03	1E02	# Uḃ => Ḃ
55 1E05	1E04	# Uḅ => Ḅ
55 1E07	1E06	# Uḇ => Ḇ
55 1E09	1E08	# Uḉ => Ḉ
55 1E0B	1E0A	# Uḋ => Ḋ
55 1E0D	1E0C	# Uḍ => Ḍ
55 1E0F	1E0E	# Uḏ => Ḏ
55 1E11	1E10	# Uḑ => Ḑ
55 1E13	1E12	# Uḓ => Ḓ
55 1E15	1E14	# Uḕ => Ḕ
55 1E17	1E16	# Uḗ => Ḗ
55 1E19	1E18	# Uḙ => Ḙ
55 1E1B	1E1A	# Uḛ => Ḛ
55 1E1D	1E1C	# Uḝ => Ḝ
55 1E1F	1E1E	# Uḟ => Ḟ
55 1E21	1E20	# Uḡ => Ḡ
55 1E23	1E22	# Uḣ => Ḣ
55 1E25	1E24	# Uḥ => Ḥ
55 1E27	1E26	# Uḧ => Ḧ
55 1E29	1E28	# Uḩ => Ḩ
55 1E2B	1E2A	# Uḫ => Ḫ
55 1E2D	1E2C	# Uḭ => Ḭ
55 1E2F	1E2E	# Uḯ => Ḯ
55 1E31	1E30	# Uḱ => Ḱ
55 1E33	1E32	# Uḳ => Ḳ
55 1E35	1E34	# Uḵ => Ḵ
55 1E37	1E36	# Uḷ => Ḷ
55 1E39	1E38	# Uḹ => Ḹ
55 1E3B	1E3A	# Uḻ => Ḻ
55 1E3D	1E3C	# Uḽ => Ḽ
55 1E3F	1E3E	# Uḿ => Ḿ
55 1E41	1E40	# Uṁ => Ṁ
55 1E43	1E42	# Uṃ => Ṃ
55 1E45	1E44	# Uṅ => Ṅ
55 1E47	1E46	# Uṇ => Ṇ
55 1E49	1E48	# Uṉ => Ṉ
55 1E4B	1E4A	# Uṋ => Ṋ
55 1E4D	1E4C	# Uṍ => Ṍ
55 1E4F	1E4E	# Uṏ => Ṏ
55 1E51	1E50	# Uṑ => Ṑ
55 1E53	1E52	# Uṓ => Ṓ
55 1E55	1E54	# Uṕ => Ṕ
55 1E57	1E56	# Uṗ => Ṗ
55 1E59	1E58	# Uṙ => Ṙ
55 1E5B	1E5A	# Uṛ => Ṛ
55 1E5D	1E5C	# Uṝ => Ṝ
55 1E5F	1E5E	# Uṟ => Ṟ
55 1E61	1E60	# Uṡ => Ṡ
55 1E63	1E62	# Uṣ => Ṣ
55 1E65	1E64	# Uṥ => Ṥ
55 1E67	1E66	# Uṧ => Ṧ
55 1E69	1E68	# Uṩ => Ṩ
55 1E6B	1E6A	# Uṫ => Ṫ
55 1E6D	1E6C	# Uṭ => Ṭ
55 1E6F	1E6E	# Uṯ => Ṯ
55 1E71	1E70	# Uṱ => Ṱ
55 1E73	1E72	# Uṳ => Ṳ
55 1E75	1E74	# Uṵ => Ṵ
55 1E77	1E76	# Uṷ => Ṷ
55 1E79	1E78	# Uṹ => Ṹ
55 1E7B	1E7A	# Uṻ => Ṻ
55 1E7D	1E7C	# Uṽ => Ṽ
55 1E7F	1E7E	# Uṿ => Ṿ
55 1E81	1E80	# Uẁ => Ẁ
55 1E83	1E82	# Uẃ => Ẃ
55 1E85	1E84	# Uẅ => Ẅ
55 1E87	1E86	# Uẇ => Ẇ
55 1E89	1E88	# Uẉ => Ẉ
55 1E8B	1E8A	# Uẋ => Ẋ
55 1E8D	1E8C	# Uẍ => Ẍ
55 1E8F	1E8E	# Uẏ => Ẏ
55 1E91	1E90	# Uẑ => Ẑ
55 1E93	1E92	# Uẓ => Ẓ
55 1E95	1E94	# Uẕ => Ẕ
55 1EA1	1EA0	# Uạ => Ạ
55 1EA3	1EA2	# Uả => Ả
55 1EA5	1EA4	# Uấ => Ấ
55 1EA7	1EA6	# Uầ => Ầ
55 1EA9	1EA8	# Uẩ => Ẩ
55 1EAB	1EAA	# Uẫ => Ẫ
55 1EAD	1EAC	# Uậ => Ậ
55 1EAF	1EAE	# Uắ => Ắ
55 1EB1	1EB0	# Uằ => Ằ
55 1EB3	1EB2	# Uẳ => Ẳ
55 1EB5	1EB4	# Uẵ => Ẵ
55 1EB7	1EB6	# Uặ => Ặ
55 1EB9	1EB8	# Uẹ => Ẹ
55 1EBB	1EBA	# Uẻ => Ẻ
55 1EBD	1EBC	# Uẽ => Ẽ
55 1EBF	1EBE	# Uế => Ế
55 1EC1	1EC0	# Uề => Ề
55 1EC3	1EC2	# Uể => Ể
55 1EC5	1EC4	# Uễ => Ễ
55 1EC7	1EC6	# Uệ => Ệ
55 1EC9	1EC8	# Uỉ => Ỉ
55 1ECB	1ECA	# Uị => Ị
55 1ECD	1ECC	# Uọ => Ọ
55 1ECF	1ECE	# Uỏ => Ỏ
55 1ED1	1ED0	# Uố => Ố
55 1ED3	1ED2	# Uồ => Ồ
55 1ED5	1ED4	# Uổ => Ổ
55 1ED7	1ED6	# Uỗ => Ỗ
55 1ED9	1ED8	# Uộ => Ộ
55 1EDB	1EDA	# Uớ => Ớ
55 1EDD	1EDC	# Uờ => Ờ
55 1EDF	1EDE	# Uở => Ở
55 1EE1	1EE0	# Uỡ => Ỡ
55 1EE3	1EE2	# Uợ => Ợ
55 1EE5	1EE4	# Uụ => Ụ
55 1EE7	1EE6	# Uủ => Ủ
55 1EE9	1EE8	# Uứ => Ứ
55 1EEB	1EEA	# Uừ => Ừ
55 1EED	1EEC	# Uử => Ử
55 1EEF	1EEE	# Uữ => Ữ
55 1EF1	1EF0	# Uự => Ự
55 1EF3	1EF2	# Uỳ => Ỳ
55 1EF5	1EF4	# Uỵ => Ỵ
55 1EF7	1EF6	# Uỷ => Ỷ
55 1EF9	1EF8	# Uỹ => Ỹ
55 1EFB	1EFA	# Uỻ => Ỻ
55 1EFD	1EFC	# Uỽ => Ỽ
55 1EFF	1EFE	# Uỿ => Ỿ
55 1F00	1F08	# Uἀ => Ἀ
55 1F01	1F09	# Uἁ => Ἁ
55 1F02	1F0A	# Uἂ => Ἂ
55 1F03	1F0B	# Uἃ => Ἃ
55 1F04	1F0C	# Uἄ => Ἄ
55 1F05	1F0D	# Uἅ => Ἅ
55 1F06	1F0E	# Uἆ => Ἆ
55 1F07	1F0F	# Uἇ => Ἇ
55 1F10	1F18	# Uἐ => Ἐ
55 1F11	1F19	# Uἑ => Ἑ
55 1F12	1F1A	# Uἒ => Ἒ
55 1F13	1F1B	# Uἓ => Ἓ
55 1F14	1F1C	# Uἔ => Ἔ
55 1F15	1F1D	# Uἕ => Ἕ
55 1F20	1F28	# Uἠ => Ἠ
55 1F21	1F29	# Uἡ => Ἡ
55 1F22	1F2A	# Uἢ => Ἢ
55 1F23	1F2B	# Uἣ => Ἣ
55 1F24	1F2C	# Uἤ => Ἤ
55 1F25	1F2D	# Uἥ => Ἥ
55 1F26	1F2E	# Uἦ => Ἦ
55 1F27	1F2F	# Uἧ => Ἧ
55 1F30	1F38	# Uἰ => Ἰ
55 1F31	1F39	# Uἱ => Ἱ
55 1F32	1F3A	# Uἲ => Ἲ
55 1F33	1F3B	# Uἳ => Ἳ
55 1F34	1F3C	# Uἴ => Ἴ
55 1F35	1F3D	# Uἵ => Ἵ
55 1F36	1F3E	# Uἶ => Ἶ
55 1F37	1F3F	# Uἷ => Ἷ
55 1F40	1F48	# Uὀ => Ὀ
55 1F41	1F49	# Uὁ => Ὁ
55 1F42	1F4A	# Uὂ => Ὂ
55 1F43	1F4B	# Uὃ => Ὃ
55 1F44	1F4C	# Uὄ => Ὄ
55 1F45	1F4D	# Uὅ => Ὅ
55 1F51	1F59	# Uὑ => Ὑ
55 1F53	1F5B	# Uὓ => Ὓ
55 1F55	1F5D	# Uὕ => Ὕ
55 1F57	1F5F	# Uὗ => Ὗ
55 1F60	1F68	# Uὠ => Ὠ
55 1F61	1F69	# Uὡ => Ὡ
55 1F62	1F6A	# Uὢ => Ὢ
55 1F63	1F6B	# Uὣ => Ὣ
55 1F64	1F6C	# Uὤ => Ὤ
55 1F65	1F6D	# Uὥ => Ὥ
55 1F66	1F6E	# Uὦ => Ὦ
55 1F67	1F6F	# Uὧ => Ὧ
55 1F70	1FBA	# Uὰ => Ὰ
55 1F71	1FBB	# Uά => Ά
55 1F72	1FC8	# Uὲ => Ὲ
55 1F73	1FC9	# Uέ => Έ
55 1F74	1FCA	# Uὴ => Ὴ
55 1F75	1FCB	# Uή => Ή
55 1F76	1FDA	# Uὶ => Ὶ
55 1F77	1FDB	# Uί => Ί
55 1F78	1FF8	# Uὸ => Ὸ
55 1F79	1FF9	# Uό => Ό
55 1F7A	1FEA	# Uὺ => Ὺ
55 1F7B	1FEB	# Uύ => Ύ
55 1F7C	1FFA	# Uὼ => Ὼ
55 1F7D	1FFB	# Uώ => Ώ
55 1FB0	1FB8	# Uᾰ => Ᾰ
55 1FB1	1FB9	# Uᾱ => Ᾱ
55 1FD0	1FD8	# Uῐ => Ῐ
55 1FD1	1FD9	# Uῑ => Ῑ
55 1FE0	1FE8	# Uῠ => Ῠ
55 1FE1	1FE9	# Uῡ => Ῡ
55 1FE5	1FEC	# Uῥ => Ῥ
55 214E	2132	# Uⅎ => Ⅎ
55 2184	2183	# Uↄ => Ↄ
55 2C30	2C00	# Uⰰ => Ⰰ
55 2C31	2C01	# Uⰱ => Ⰱ
55 2C32	2C02	# Uⰲ => Ⰲ
55 2C33	2C03	# Uⰳ => Ⰳ
55 2C34	2C04	# Uⰴ => Ⰴ
55 2C35	2C05	# Uⰵ => Ⰵ
55 2C36	2C06	# Uⰶ => Ⰶ
55 2C37	2C07	# Uⰷ => Ⰷ
55 2C38	2C08	# Uⰸ => Ⰸ
55 2C39	2C09	# Uⰹ => Ⰹ
55 2C3A	2C0A	# Uⰺ => Ⰺ
55 2C3B	2C0B	# Uⰻ => Ⰻ
55 2C3C	2C0C	# Uⰼ => Ⰼ
55 2C3D	2C0D	# Uⰽ => Ⰽ
55 2C3E	2C0E	# Uⰾ => Ⰾ
55 2C3F	2C0F	# Uⰿ => Ⰿ
55 2C40	2C10	# Uⱀ => Ⱀ
55 2C41	2C11	# Uⱁ => Ⱁ
55 2C42	2C12	# Uⱂ => Ⱂ
55 2C43	2C13	# Uⱃ => Ⱃ
55 2C44	2C14	# Uⱄ => Ⱄ
55 2C45	2C15	# Uⱅ => Ⱅ
55 2C46	2C16	# Uⱆ => Ⱆ
55 2C47	2C17	# Uⱇ => Ⱇ
55 2C48	2C18	# Uⱈ => Ⱈ
55 2C49	2C19	# Uⱉ => Ⱉ
55 2C4A	2C1A	# Uⱊ => Ⱊ
55 2C4B	2C1B	# Uⱋ => Ⱋ
55 2C4C	2C1C	# Uⱌ => Ⱌ
55 2C4D	2C1D	# Uⱍ => Ⱍ
55 2C4E	2C1E	# Uⱎ => Ⱎ
55 2C4F	2C1F	# Uⱏ => Ⱏ
55 2C50	2C20	# Uⱐ => Ⱐ
55 2C51	2C21	# Uⱑ => Ⱑ
55 2C52	2C22	# Uⱒ => Ⱒ
55 2C53	2C23	# Uⱓ => Ⱓ
55 2C54	2C24	# Uⱔ => Ⱔ
55 2C55	2C25	# Uⱕ => Ⱕ
55 2C56	2C26	# Uⱖ => Ⱖ
55 2C57	2C27	# Uⱗ => Ⱗ
55 2C58	2C28	# Uⱘ => Ⱘ
55 2C59	2C29	# Uⱙ => Ⱙ
55 2C5A	2C2A	# Uⱚ => Ⱚ
55 2C5B	2C2B	# Uⱛ => Ⱛ
55 2C5C	2C2C	# Uⱜ => Ⱜ
55 2C5D	2C2D	# Uⱝ => Ⱝ
55 2C5E	2C2E	# Uⱞ => Ⱞ
55 2C5F	2C2F	# Uⱟ => Ⱟ
55 2C61	2C60	# Uⱡ => Ⱡ
55 2C65	23A	# Uⱥ => Ⱥ
55 2C66	23E	# Uⱦ => Ⱦ
55 2C68	2C67	# Uⱨ => Ⱨ
55 2C6A	2C69	# Uⱪ => Ⱪ
55 2C6C	2C6B	# Uⱬ => Ⱬ
55 2C73	2C72	# Uⱳ => Ⱳ
55 2C76	2C75	# Uⱶ => Ⱶ
55 2C81	2C80	# Uⲁ => Ⲁ
55 2C83	2C82	# Uⲃ => Ⲃ
55 2C85	2C84	# Uⲅ => Ⲅ
55 2C87	2C86	# Uⲇ => Ⲇ
55 2C89	2C88	# Uⲉ => Ⲉ
55 2C8B	2C8A	# Uⲋ => Ⲋ
55 2C8D	2C8C	# Uⲍ => Ⲍ
55 2C8F	2C8E	# Uⲏ => Ⲏ
55 2C91	2C90	# Uⲑ => Ⲑ
55 2C93	2C92	# Uⲓ => Ⲓ
55 2C95	2C94	# Uⲕ => Ⲕ
55 2C97	2C96	# Uⲗ => Ⲗ
55 2C99	2C98	# Uⲙ => Ⲙ
55 2C9B	2C9A	# Uⲛ => Ⲛ
55 2C9D	2C9C	# Uⲝ => Ⲝ
55 2C9F	2C9E	# Uⲟ => Ⲟ
55 2CA1	2CA0	# Uⲡ => Ⲡ
55 2CA3	2CA2	# Uⲣ => Ⲣ
55 2CA5	2CA4	# Uⲥ => Ⲥ
55 2CA7	2CA6	# Uⲧ => Ⲧ
55 2CA9	2CA8	# Uⲩ => Ⲩ
55 2CAB	2CAA	# Uⲫ => Ⲫ
55 2CAD	2CAC	# Uⲭ => Ⲭ
55 2CAF	2CAE	# Uⲯ => Ⲯ
55 2CB1	2CB0	# Uⲱ => Ⲱ
55 2CB3	2CB2	# Uⲳ => Ⲳ
55 2CB5	2CB4	# Uⲵ => Ⲵ
55 2CB7	2CB6	# Uⲷ => Ⲷ
55 2CB9	2CB8	# Uⲹ => Ⲹ
55 2CBB	2CBA	# Uⲻ => Ⲻ
55 2CBD	2CBC	# Uⲽ => Ⲽ
55 2CBF	2CBE	# Uⲿ => Ⲿ
55 2CC1	2CC0	# Uⳁ => Ⳁ
55 2CC3	2CC2	# Uⳃ => Ⳃ
55 2CC5	2CC4	# Uⳅ => Ⳅ
55 2CC7	2CC6	# Uⳇ => Ⳇ
55 2CC9	2CC8	# Uⳉ => Ⳉ
55 2CCB	2CCA	# Uⳋ => Ⳋ
55 2CCD	2CCC	# Uⳍ => Ⳍ
55 2CCF	2CCE	# Uⳏ => Ⳏ
55 2CD1	2CD0	# Uⳑ => Ⳑ
55 2CD3	2CD2	# Uⳓ => Ⳓ
55 2CD5	2CD4	# Uⳕ => Ⳕ
55 2CD7	2CD6	# Uⳗ => Ⳗ
55 2CD9	2CD8	# Uⳙ => Ⳙ
55 2CDB	2CDA	# Uⳛ => Ⳛ
55 2CDD	2CDC	# Uⳝ => Ⳝ
55 2CDF	2CDE	# Uⳟ => Ⳟ
55 2CE1	2CE0	# Uⳡ => Ⳡ
55 2CE3	2CE2	# Uⳣ => Ⳣ
55 2CEC	2CEB	# Uⳬ => Ⳬ
55 2CEE	2CED	# Uⳮ => Ⳮ
55 2CF3	2CF2	# Uⳳ => Ⳳ
55 2D00	10A0	# Uⴀ => Ⴀ
55 2D01	10A1	# Uⴁ => Ⴁ
55 2D02	10A2	# Uⴂ => Ⴂ
55 2D03	10A3	# Uⴃ => Ⴃ
55 2D04	10A4	# Uⴄ => Ⴄ
55 2D05	10A5	# Uⴅ => Ⴅ
55 2D06	10A6	# Uⴆ => Ⴆ
55 2D07	10A7	# Uⴇ => Ⴇ
55 2D08	10A8	# Uⴈ => Ⴈ
55 2D09	10A9	# Uⴉ => Ⴉ
55 2D0A	10AA	# Uⴊ => Ⴊ
55 2D0B	10AB	# Uⴋ => Ⴋ
55 2D0C	10AC	# Uⴌ => Ⴌ
55 2D0D	10AD	# Uⴍ => Ⴍ
55 2D0E	10AE	# Uⴎ => Ⴎ
55 2D0F	10AF	# Uⴏ => Ⴏ
55 2D10	10B0	# Uⴐ => Ⴐ
55 2D11	10B1	# Uⴑ => Ⴑ
55 2D12	10B2	# Uⴒ => Ⴒ
55 2D13	10B3	# Uⴓ => Ⴓ
55 2D14	10B4	# Uⴔ => Ⴔ
55 2D15	10B5	# Uⴕ => Ⴕ
55 2D16	10B6	# Uⴖ => Ⴖ
55 2D17	10B7	# Uⴗ => Ⴗ
55 2D18	10B8	# Uⴘ => Ⴘ
55 2D19	10B9	# Uⴙ => Ⴙ
55 2D1A	10BA	# Uⴚ => Ⴚ
55 2D1B	10BB	# Uⴛ => Ⴛ
55 2D1C	10BC	# Uⴜ => Ⴜ
55 2D1D	10BD	# Uⴝ => Ⴝ
55 2D1E	10BE	# Uⴞ => Ⴞ
55 2D1F	10BF	# Uⴟ => Ⴟ
55 2D20	10C0	# Uⴠ => Ⴠ
55 2D21	10C1	# Uⴡ => Ⴡ
55 2D22	10C2	# Uⴢ => Ⴢ
55 2D23	10C3	# Uⴣ => Ⴣ
55 2D24	10C4	# Uⴤ => Ⴤ
55 2D25	10C5	# Uⴥ => Ⴥ
55 2D27	10C7	# Uⴧ => Ⴧ
55 2D2D	10CD	# Uⴭ => Ⴭ
55 A641	A640	# Uꙁ => Ꙁ
55 A643	A642	# Uꙃ => Ꙃ
55 A645	A644	# Uꙅ => Ꙅ
55 A647	A646	# Uꙇ => Ꙇ
55 A649	A648	# Uꙉ => Ꙉ
55 A64B	A64A	# Uꙋ => Ꙋ
55 A64D	A64C	# Uꙍ => Ꙍ
55 A64F	A64E	# Uꙏ => Ꙏ
55 A651	A650	# Uꙑ => Ꙑ
55 A653	A652	# Uꙓ => Ꙓ
55 A655	A654	# Uꙕ => Ꙕ
55 A657	A656	# Uꙗ => Ꙗ
55 A659	A658	# Uꙙ => Ꙙ
55 A65B	A65A	# Uꙛ => Ꙛ
55 A65D	A65C	# Uꙝ => Ꙝ
55 A65F	A65E	# Uꙟ => Ꙟ
55 A661	A660	# Uꙡ => Ꙡ
55 A663	A662	# Uꙣ => Ꙣ
55 A665	A664	# Uꙥ => Ꙥ
55 A667	A666	# Uꙧ => Ꙧ
55 A669	A668	# Uꙩ => Ꙩ
55 A66B	A66A	# Uꙫ => Ꙫ
55 A66D	A66C	# Uꙭ => Ꙭ
55 A681	A680	# Uꚁ => Ꚁ
55 A683	A682	# Uꚃ => Ꚃ
55 A685	A684	# Uꚅ => Ꚅ
55 A687	A686	# Uꚇ => Ꚇ
55 A689	A688	# Uꚉ => Ꚉ
55 A68B	A68A	# Uꚋ => Ꚋ
55 A68D	A68C	# Uꚍ => Ꚍ
55 A68F	A68E	# Uꚏ => Ꚏ
55 A691	A690	# Uꚑ => Ꚑ
55 A693	A692	# Uꚓ => Ꚓ
55 A695	A694	# Uꚕ => Ꚕ
55 A697	A696	# Uꚗ => Ꚗ
55 A699	A698	# Uꚙ => Ꚙ
55 A69B	A69A	# Uꚛ => Ꚛ
55 A723	A722	# Uꜣ => Ꜣ
55 A725	A724	# Uꜥ => Ꜥ
55 A727	A726	# Uꜧ => Ꜧ
55 A729	A728	# Uꜩ => Ꜩ
55 A72B	A72A	# Uꜫ => Ꜫ
55 A72D	A72C	# Uꜭ => Ꜭ
55 A72F	A72E	# Uꜯ => Ꜯ
55 A733	A732	# Uꜳ => Ꜳ
55 A735	A734	# Uꜵ => Ꜵ
55 A737	A736	# Uꜷ => Ꜷ
55 A739	A738	# Uꜹ => Ꜹ
55 A73B	A73A	# Uꜻ => Ꜻ
55 A73D	A73C	# Uꜽ => Ꜽ
55 A73F	A73E	# Uꜿ => Ꜿ
55 A741	A740	# Uꝁ => Ꝁ
55 A743	A742	# Uꝃ => Ꝃ
55 A745	A744	# Uꝅ => Ꝅ
55 A747	A746	# Uꝇ => Ꝇ
55 A749	A748	# Uꝉ => Ꝉ
55 A74B	A74A	# Uꝋ => Ꝋ
55 A74D	A74C	# Uꝍ => Ꝍ
55 A74F	A74E	# Uꝏ => Ꝏ
55 A751	A750	# Uꝑ => Ꝑ
55 A753	A752	# Uꝓ => Ꝓ
55 A755	A754	# Uꝕ => Ꝕ
55 A757	A756	# Uꝗ => Ꝗ
55 A759	A758	# Uꝙ => Ꝙ
55 A75B	A75A	# Uꝛ => Ꝛ
55 A75D	A75C	# Uꝝ => Ꝝ
55 A75F	A75E	# Uꝟ => Ꝟ
55 A761	A760	# Uꝡ => Ꝡ
55 A763	A762	# Uꝣ => Ꝣ
55 A765	A764	# Uꝥ => Ꝥ
55 A767	A766	# Uꝧ => Ꝧ
55 A769	A768	# Uꝩ => Ꝩ
55 A76B	A76A	# Uꝫ => Ꝫ
55 A76D	A76C	# Uꝭ => Ꝭ
55 A76F	A76E	# Uꝯ => Ꝯ
55 A77A	A779	# Uꝺ => Ꝺ
55 A77C	A77B	# Uꝼ => Ꝼ
55 A77F	A77E	# Uꝿ => Ꝿ
55 A781	A780	# Uꞁ => Ꞁ
55 A783	A782	# Uꞃ => Ꞃ
55 A785	A784	# Uꞅ => Ꞅ
55 A787	A786	# Uꞇ => Ꞇ
55 A78C	A78B	# Uꞌ => Ꞌ
55 A791	A790	# Uꞑ => Ꞑ
55 A793	A792	# Uꞓ => Ꞓ
55 A794	A7C4	# Uꞔ => Ꞔ
55 A797	A796	# Uꞗ => Ꞗ
55 A799	A798	# Uꞙ => Ꞙ
55 A79B	A79A	# Uꞛ => Ꞛ
55 A79D	A79C	# Uꞝ => Ꞝ
55 A79F	A79E	# Uꞟ => Ꞟ
55 A7A1	A7A0	# Uꞡ => Ꞡ
55 A7A3	A7A2	# Uꞣ => Ꞣ
55 A7A5	A7A4	# Uꞥ => Ꞥ
55 A7A7	A7A6	# Uꞧ => Ꞧ
55 A7A9	A7A8	# Uꞩ => Ꞩ
55 A7B5	A7B4	# Uꞵ => Ꞵ
55 A7B7	A7B6	# Uꞷ => Ꞷ
55 A7B9	A7B8	# Uꞹ => Ꞹ
55 A7BB	A7BA	# Uꞻ => Ꞻ
55 A7BD	A7BC	# Uꞽ => Ꞽ
55 A7BF	A7BE	# Uꞿ => Ꞿ
55 A7C1	A7C0	# Uꟁ => Ꟁ
55 A7C3	A7C2	# Uꟃ => Ꟃ
55 A7C8	A7C7	# Uꟈ => Ꟈ
55 A7CA	A7C9	# Uꟊ => Ꟊ
55 A7CD	A7CC	# Uꟍ => Ꟍ
55 A7CF	A7CE	# U꟏ => ꟎
55 A7D1	A7D0	# Uꟑ => Ꟑ
55 A7D3	A7D2	# Uꟓ => ꟒
55 A7D5	A7D4	# Uꟕ => ꟔
55 A7D7	A7D6	# Uꟗ => Ꟗ
55 A7D9	A7D8	# Uꟙ => Ꟙ
55 A7DB	A7DA	# Uꟛ => Ꟛ
55 A7F6	A7F5	# Uꟶ => Ꟶ
55 AB53	A7B3	# Uꭓ => Ꭓ
55 FF41	FF21	# Uａ => Ａ
55 FF42	FF22	# Uｂ => Ｂ
55 FF43	FF23	# Uｃ => Ｃ
55 FF44	FF24	# Uｄ => Ｄ
55 FF45	FF25	# Uｅ => Ｅ
55 FF46	FF26	# Uｆ => Ｆ
55 FF47	FF27	# Uｇ => Ｇ
55 FF48	FF28	# Uｈ => Ｈ
55 FF49	FF29	# Uｉ => Ｉ
55 FF4A	FF2A	# Uｊ => Ｊ
55 FF4B	FF2B	# Uｋ => Ｋ
55 FF4C	FF2C	# Uｌ => Ｌ
55 FF4D	FF2D	# Uｍ => Ｍ
55 FF4E	FF2E	# Uｎ => Ｎ
55 FF4F	FF2F	# Uｏ => Ｏ
55 FF50	FF30	# Uｐ => Ｐ
55 FF51	FF31	# Uｑ => Ｑ
55 FF52	FF32	# Uｒ => Ｒ
55 FF53	FF33	# Uｓ => Ｓ
55 FF54	FF34	# Uｔ => Ｔ
55 FF55	FF35	# Uｕ => Ｕ
55 FF56	FF36	# Uｖ => Ｖ
55 FF57	FF37	# Uｗ => Ｗ
55 FF58	FF38	# Uｘ => Ｘ
55 FF59	FF39	# Uｙ => Ｙ
55 FF5A	FF3A	# Uｚ => Ｚ
55 10428	10400	# U𐐨 => 𐐀
55 10429	10401	# U𐐩 => 𐐁
55 1042A	10402	# U𐐪 => 𐐂
55 1042B	10403	# U𐐫 => 𐐃
55 1042C	10404	# U𐐬 => 𐐄
55 1042D	10405	# U𐐭 => 𐐅
55 1042E	10406	# U𐐮 => 𐐆
55 1042F	10407	# U𐐯 => 𐐇
55 10430	10408	# U𐐰 => 𐐈
55 10431	10409	# U𐐱 => 𐐉
55 10432	1040A	# U𐐲 => 𐐊
55 10433	1040B	# U𐐳 => 𐐋
55 10434	1040C	# U𐐴 => 𐐌
55 10435	1040D	# U𐐵 => 𐐍
55 10436	1040E	# U𐐶 => 𐐎
55 10437	1040F	# U𐐷 => 𐐏
55 10438	10410	# U𐐸 => 𐐐
55 10439	10411	# U𐐹 => 𐐑
55 1043A	10412	# U𐐺 => 𐐒
55 1043B	10413	# U𐐻 => 𐐓
55 1043C	10414	# U𐐼 => 𐐔
55 1043D	10415	# U𐐽 => 𐐕
55 1043E	10416	# U𐐾 => 𐐖
55 1043F	10417	# U𐐿 => 𐐗
55 10440	10418	# U𐑀 => 𐐘
55 10441	10419	# U𐑁 => 𐐙
55 10442	1041A	# U𐑂 => 𐐚
55 10443	1041B	# U𐑃 => 𐐛
55 10444	1041C	# U𐑄 => 𐐜
55 10445	1041D	# U𐑅 => 𐐝
55 10446	1041E	# U𐑆 => 𐐞
55 10447	1041F	# U𐑇 => 𐐟
55 10448	10420	# U𐑈 => 𐐠
55 10449	10421	# U𐑉 => 𐐡
55 1044A	10422	# U𐑊 => 𐐢
55 1044B	10423	# U𐑋 => 𐐣
55 1044C	10424	# U𐑌 => 𐐤
55 1044D	10425	# U𐑍 => 𐐥
55 1044E	10426	# U𐑎 => 𐐦
55 1044F	10427	# U𐑏 => 𐐧
55 104D8	104B0	# U𐓘 => 𐒰
55 104D9	104B1	# U𐓙 => 𐒱
55 104DA	104B2	# U𐓚 => 𐒲
55 104DB	104B3	# U𐓛 => 𐒳
55 104DC	104B4	# U𐓜 => 𐒴
55 104DD	104B5	# U𐓝 => 𐒵
55 104DE	104B6	# U𐓞 => 𐒶
55 104DF	104B7	# U𐓟 => 𐒷
55 104E0	104B8	# U𐓠 => 𐒸
55 104E1	104B9	# U𐓡 => 𐒹
55 104E2	104BA	# U𐓢 => 𐒺
55 104E3	104BB	# U𐓣 => 𐒻
55 104E4	104BC	# U𐓤 => 𐒼
55 104E5	104BD	# U𐓥 => 𐒽
55 104E6	104BE	# U𐓦 => 𐒾
55 104E7	104BF	# U𐓧 => 𐒿
55 104E8	104C0	# U𐓨 => 𐓀
55 104E9	104C1	# U𐓩 => 𐓁
55 104EA	104C2	# U𐓪 => 𐓂
55 104EB	104C3	# U𐓫 => 𐓃
55 104EC	104C4	# U𐓬 => 𐓄
55 104ED	104C5	# U𐓭 => 𐓅
55 104EE	104C6	# U𐓮 => 𐓆
55 104EF	104C7	# U𐓯 => 𐓇
55 104F0	104C8	# U𐓰 => 𐓈
55 104F1	104C9	# U𐓱 => 𐓉
55 104F2	104CA	# U𐓲 => 𐓊
55 104F3	104CB	# U𐓳 => 𐓋
55 104F4	104CC	# U𐓴 => 𐓌
55 104F5	104CD	# U𐓵 => 𐓍
55 104F6	104CE	# U𐓶 => 𐓎
55 104F7	104CF	# U𐓷 => 𐓏
55 104F8	104D0	# U𐓸 => 𐓐
55 104F9	104D1	# U𐓹 => 𐓑
55 104FA	104D2	# U𐓺 => 𐓒
55 104FB	104D3	# U𐓻 => 𐓓
55 10597	10570	# U𐖗 => 𐕰
55 10598	10571	# U𐖘 => 𐕱
55 10599	10572	# U𐖙 => 𐕲
55 1059A	10573	# U𐖚 => 𐕳
55 1059B	10574	# U𐖛 => 𐕴
55 1059C	10575	# U𐖜 => 𐕵
55 1059D	10576	# U𐖝 => 𐕶
55 1059E	10577	# U𐖞 => 𐕷
55 1059F	10578	# U𐖟 => 𐕸
55 105A0	10579	# U𐖠 => 𐕹
55 105A1	1057A	# U𐖡 => 𐕺
55 105A3	1057C	# U𐖣 => 𐕼
55 105A4	1057D	# U𐖤 => 𐕽
55 105A5	1057E	# U𐖥 => 𐕾
55 105A6	1057F	# U𐖦 => 𐕿
55 105A7	10580	# U𐖧 => 𐖀
55 105A8	10581	# U𐖨 => 𐖁
55 105A9	10582	# U𐖩 => 𐖂
55 105AA	10583	# U𐖪 => 𐖃
55 105AB	10584	# U𐖫 => 𐖄
55 105AC	10585	# U𐖬 => 𐖅
55 105AD	10586	# U𐖭 => 𐖆
55 105AE	10587	# U𐖮 => 𐖇
55 105AF	10588	# U𐖯 => 𐖈
55 105B0	10589	# U𐖰 => 𐖉
55 105B1	1058A	# U𐖱 => 𐖊
55 105B3	1058C	# U𐖳 => 𐖌
55 105B4	1058D	# U𐖴 => 𐖍
55 105B5	1058E	# U𐖵 => 𐖎
55 105B6	1058F	# U𐖶 => 𐖏
55 105B7	10590	# U𐖷 => 𐖐
55 105B8	10591	# U𐖸 => 𐖑
55 105B9	10592	# U𐖹 => 𐖒
55 105BB	10594	# U𐖻 => 𐖔
55 105BC	10595	# U𐖼 => 𐖕
55 10CC0	10C80	# U𐳀 => 𐲀
55 10CC1	10C81	# U𐳁 => 𐲁
55 10CC2	10C82	# U𐳂 => 𐲂
55 10CC3	10C83	# U𐳃 => 𐲃
55 10CC4	10C84	# U𐳄 => 𐲄
55 10CC5	10C85	# U𐳅 => 𐲅
55 10CC6	10C86	# U𐳆 => 𐲆
55 10CC7	10C87	# U𐳇 => 𐲇
55 10CC8	10C88	# U𐳈 => 𐲈
55 10CC9	10C89	# U𐳉 => 𐲉
55 10CCA	10C8A	# U𐳊 => 𐲊
55 10CCB	10C8B	# U𐳋 => 𐲋
55 10CCC	10C8C	# U𐳌 => 𐲌
55 10CCD	10C8D	# U𐳍 => 𐲍
55 10CCE	10C8E	# U𐳎 => 𐲎
55 10CCF	10C8F	# U𐳏 => 𐲏
55 10CD0	10C90	# U𐳐 => 𐲐
55 10CD1	10C91	# U𐳑 => 𐲑
55 10CD2	10C92	# U𐳒 => 𐲒
55 10CD3	10C93	# U𐳓 => 𐲓
55 10CD4	10C94	# U𐳔 => 𐲔
55 10CD5	10C95	# U𐳕 => 𐲕
55 10CD6	10C96	# U𐳖 => 𐲖
55 10CD7	10C97	# U𐳗 => 𐲗
55 10CD8	10C98	# U𐳘 => 𐲘
55 10CD9	10C99	# U𐳙 => 𐲙
55 10CDA	10C9A	# U𐳚 => 𐲚
55 10CDB	10C9B	# U𐳛 => 𐲛
55 10CDC	10C9C	# U𐳜 => 𐲜
55 10CDD	10C9D	# U𐳝 => 𐲝
55 10CDE	10C9E	# U𐳞 => 𐲞
55 10CDF	10C9F	# U𐳟 => 𐲟
55 10CE0	10CA0	# U𐳠 => 𐲠
55 10CE1	10CA1	# U𐳡 => 𐲡
55 10CE2	10CA2	# U𐳢 => 𐲢
55 10CE3	10CA3	# U𐳣 => 𐲣
55 10CE4	10CA4	# U𐳤 => 𐲤
55 10CE5	10CA5	# U𐳥 => 𐲥
55 10CE6	10CA6	# U𐳦 => 𐲦
55 10CE7	10CA7	# U𐳧 => 𐲧
55 10CE8	10CA8	# U𐳨 => 𐲨
55 10CE9	10CA9	# U𐳩 => 𐲩
55 10CEA	10CAA	# U𐳪 => 𐲪
55 10CEB	10CAB	# U𐳫 => 𐲫
55 10CEC	10CAC	# U𐳬 => 𐲬
55 10CED	10CAD	# U𐳭 => 𐲭
55 10CEE	10CAE	# U𐳮 => 𐲮
55 10CEF	10CAF	# U𐳯 => 𐲯
55 10CF0	10CB0	# U𐳰 => 𐲰
55 10CF1	10CB1	# U𐳱 => 𐲱
55 10CF2	10CB2	# U𐳲 => 𐲲
55 10D70	10D50	# U𐵰 => 𐵐
55 10D71	10D51	# U𐵱 => 𐵑
55 10D72	10D52	# U𐵲 => 𐵒
55 10D73	10D53	# U𐵳 => 𐵓
55 10D74	10D54	# U𐵴 => 𐵔
55 10D75	10D55	# U𐵵 => 𐵕
55 10D76	10D56	# U𐵶 => 𐵖
55 10D77	10D57	# U𐵷 => 𐵗
55 10D78	10D58	# U𐵸 => 𐵘
55 10D79	10D59	# U𐵹 => 𐵙
55 10D7A	10D5A	# U𐵺 => 𐵚
55 10D7B	10D5B	# U𐵻 => 𐵛
55 10D7C	10D5C	# U𐵼 => 𐵜
55 10D7D	10D5D	# U𐵽 => 𐵝
55 10D7E	10D5E	# U𐵾 => 𐵞
55 10D7F	10D5F	# U𐵿 => 𐵟
55 10D80	10D60	# U𐶀 => 𐵠
55 10D81	10D61	# U𐶁 => 𐵡
55 10D82	10D62	# U𐶂 => 𐵢
55 10D83	10D63	# U𐶃 => 𐵣
55 10D84	10D64	# U𐶄 => 𐵤
55 10D85	10D65	# U𐶅 => 𐵥
55 118C0	118A0	# U𑣀 => 𑢠
55 118C1	118A1	# U𑣁 => 𑢡
55 118C2	118A2	# U𑣂 => 𑢢
55 118C3	118A3	# U𑣃 => 𑢣
55 118C4	118A4	# U𑣄 => 𑢤
55 118C5	118A5	# U𑣅 => 𑢥
55 118C6	118A6	# U𑣆 => 𑢦
55 118C7	118A7	# U𑣇 => 𑢧
55 118C8	118A8	# U𑣈 => 𑢨
55 118C9	118A9	# U𑣉 => 𑢩
55 118CA	118AA	# U𑣊 => 𑢪
55 118CB	118AB	# U𑣋 => 𑢫
55 118CC	118AC	# U𑣌 => 𑢬
55 118CD	118AD	# U𑣍 => 𑢭
55 118CE	118AE	# U𑣎 => 𑢮
55 118CF	118AF	# U𑣏 => 𑢯
55 118D0	118B0	# U𑣐 => 𑢰
55 118D1	118B1	# U𑣑 => 𑢱
55 118D2	118B2	# U𑣒 => 𑢲
55 118D3	118B3	# U𑣓 => 𑢳
55 118D4	118B4	# U𑣔 => 𑢴
55 118D5	118B5	# U𑣕 => 𑢵
55 118D6	118B6	# U𑣖 => 𑢶
55 118D7	118B7	# U𑣗 => 𑢷
55 118D8	118B8	# U𑣘 => 𑢸
55 118D9	118B9	# U𑣙 => 𑢹
55 118DA	118BA	# U𑣚 => 𑢺
55 118DB	118BB	# U𑣛 => 𑢻
55 118DC	118BC	# U𑣜 => 𑢼
55 118DD	118BD	# U𑣝 => 𑢽
55 118DE	118BE	# U𑣞 => 𑢾
55 118DF	118BF	# U𑣟 => 𑢿
55 16E60	16E40	# U𖹠 => 𖹀
55 16E61	16E41	# U𖹡 => 𖹁
55 16E62	16E42	# U𖹢 => 𖹂
55 16E63	16E43	# U𖹣 => 𖹃
55 16E64	16E44	# U𖹤 => 𖹄
55 16E65	16E45	# U𖹥 => 𖹅
55 16E66	16E46	# U𖹦 => 𖹆
55 16E67	16E47	# U𖹧 => 𖹇
55 16E68	16E48	# U𖹨 => 𖹈
55 16E69	16E49	# U𖹩 => 𖹉
55 16E6A	16E4A	# U𖹪 => 𖹊
55 16E6B	16E4B	# U𖹫 => 𖹋
55 16E6C	16E4C	# U𖹬 => 𖹌
55 16E6D	16E4D	# U𖹭 => 𖹍
55 16E6E	16E4E	# U𖹮 => 𖹎
55 16E6F	16E4F	# U𖹯 => 𖹏
55 16E70	16E50	# U𖹰 => 𖹐
55 16E71	16E51	# U𖹱 => 𖹑
55 16E72	16E52	# U𖹲 => 𖹒
55 16E73	16E53	# U𖹳 => 𖹓
55 16E74	16E54	# U𖹴 => 𖹔
55 16E75	16E55	# U𖹵 => 𖹕
55 16E76	16E56	# U𖹶 => 𖹖
55 16E77	16E57	# U𖹷 => 𖹗
55 16E78	16E58	# U𖹸 => 𖹘
55 16E79	16E59	# U𖹹 => 𖹙
55 16E7A	16E5A	# U𖹺 => 𖹚
55 16E7B	16E5B	# U𖹻 => 𖹛
55 16E7C	16E5C	# U𖹼 => 𖹜
55 16E7D	16E5D	# U𖹽 => 𖹝
55 16E7E	16E5E	# U𖹾 => 𖹞
55 16E7F	16E5F	# U𖹿 => 𖹟
55 16EBB	16EA0	# U𖺻 => 𖺠
55 16EBC	16EA1	# U𖺼 => 𖺡
55 16EBD	16EA2	# U𖺽 => 𖺢
55 16EBE	16EA3	# U𖺾 => 𖺣
55 16EBF	16EA4	# U𖺿 => 𖺤
55 16EC0	16EA5	# U𖻀 => 𖺥
55 16EC1	16EA6	# U𖻁 => 𖺦
55 16EC2	16EA7	# U𖻂 => 𖺧
55 16EC3	16EA8	# U𖻃 => 𖺨
55 16EC4	16EA9	# U𖻄 => 𖺩
55 16EC5	16EAA	# U𖻅 => 𖺪
55 16EC6	16EAB	# U𖻆 => 𖺫
55 16EC7	16EAC	# U𖻇 => 𖺬
55 16EC8	16EAD	# U𖻈 => 𖺭
55 16EC9	16EAE	# U𖻉 => 𖺮
55 16ECA	16EAF	# U𖻊 => 𖺯
55 16ECB	16EB0	# U𖻋 => 𖺰
55 16ECC	16EB1	# U𖻌 => 𖺱
55 16ECD	16EB2	# U𖻍 => 𖺲
55 16ECE	16EB3	# U𖻎 => 𖺳
55 16ECF	16EB4	# U𖻏 => 𖺴
55 16ED0	16EB5	# U𖻐 => 𖺵
55 16ED1	16EB6	# U𖻑 => 𖺶
55 16ED2	16EB7	# U𖻒 => 𖺷
55 16ED3	16EB8	# U𖻓 => 𖺸
55 1E922	1E900	# U𞤢 => 𞤀
55 1E923	1E901	# U𞤣 => 𞤁
55 1E924	1E902	# U𞤤 => 𞤂
55 1E925	1E903	# U𞤥 => 𞤃
55 1E926	1E904	# U𞤦 => 𞤄
55 1E927	1E905	# U𞤧 => 𞤅
55 1E928	1E906	# U𞤨 => 𞤆
55 1E929	1E907	# U𞤩 => 𞤇
55 1E92A	1E908	# U𞤪 => 𞤈
55 1E92B	1E909	# U𞤫 => 𞤉
55 1E92C	1E90A	# U𞤬 => 𞤊
55 1E92D	1E90B	# U𞤭 => 𞤋
55 1E92E	1E90C	# U𞤮 => 𞤌
55 1E92F	1E90D	# U𞤯 => 𞤍
55 1E930	1E90E	# U𞤰 => 𞤎
55 1E931	1E90F	# U𞤱 => 𞤏
55 1E932	1E910	# U𞤲 => 𞤐
55 1E933	1E911	# U𞤳 => 𞤑
55 1E934	1E912	# U𞤴 => 𞤒
55 1E935	1E913	# U𞤵 => 𞤓
55 1E936	1E914	# U𞤶 => 𞤔
55 1E937	1E915	# U𞤷 => 𞤕
55 1E938	1E916	# U𞤸 => 𞤖
55 1E939	1E917	# U𞤹 => 𞤗
55 1E93A	1E918	# U𞤺 => 𞤘
55 1E93B	1E919	# U𞤻 => 𞤙
55 1E93C	1E91A	# U𞤼 => 𞤚
55 1E93D	1E91B	# U𞤽 => 𞤛
55 1E93E	1E91C	# U𞤾 => 𞤜
55 1E93F	1E91D	# U𞤿 => 𞤝
55 1E940	1E91E	# U𞥀 => 𞤞
55 1E941	1E91F	# U𞥁 => 𞤟
55 1E942	1E920	# U𞥂 => 𞤠
55 1E943	1E921	# U𞥃 => 𞤡
