21	50 21	# ! => P!
22	50 22	# " => P"
23	50 23	# # => P#
25	50 25	# % => P%
26	50 26	# & => P&
27	50 27	# ' => P'
28	50 28	# ( => P(
29	50 29	# ) => P)
2A	50 2A	# * => P*
2C	50 2C	# , => P,
2D	50 2D	# - => P-
2E	50 2E	# . => P.
2F	50 2F	# / => P/
3A	50 3A	# : => P:
3B	50 3B	# ; => P;
3F	50 3F	# ? => P?
40	50 40	# @ => P@
41	55 61	# A => Ua
42	55 62	# B => Ub
43	55 63	# C => Uc
44	55 64	# D => Ud
45	55 65	# E => Ue
46	55 66	# F => Uf
47	55 67	# G => Ug
48	55 68	# H => Uh
49	55 69	# I => Ui
4A	55 6A	# J => Uj
4B	55 6B	# K => Uk
4C	55 6C	# L => Ul
4D	55 6D	# M => Um
4E	55 6E	# N => Un
4F	55 6F	# O => Uo
50	55 70	# P => Up
51	55 71	# Q => Uq
52	55 72	# R => Ur
53	55 73	# S => Us
54	55 74	# T => Ut
55	55 75	# U => Uu
56	55 76	# V => Uv
57	55 77	# W => Uw
58	55 78	# X => Ux
59	55 79	# Y => Uy
5A	55 7A	# Z => Uz
5B	50 5B	# [ => P[
5C	50 5C	# \ => P\
5D	50 5D	# ] => P]
5F	50 5F	# _ => P_
7B	50 7B	# { => P{
7D	50 7D	# } => P}
A1	50 A1	# ¡ => P¡
A7	50 A7	# § => P§
AB	50 AB	# « => P«
B6	50 B6	# ¶ => P¶
B7	50 B7	# · => P·
BB	50 BB	# » => P»
BF	50 BF	# ¿ => P¿
C0	55 E0	# À => Uà
C1	55 E1	# Á => Uá
C2	55 E2	# Â => Uâ
C3	55 E3	# Ã => Uã
C4	55 E4	# Ä => Uä
C5	55 E5	# Å => Uå
C6	55 E6	# Æ => Uæ
C7	55 E7	# Ç => Uç
C8	55 E8	# È => Uè
C9	55 E9	# É => Ué
CA	55 EA	# Ê => Uê
CB	55 EB	# Ë => Uë
CC	55 EC	# Ì => Uì
CD	55 ED	# Í => Uí
CE	55 EE	# Î => Uî
CF	55 EF	# Ï => Uï
D0	55 F0	# Ð => Uð
D1	55 F1	# Ñ => Uñ
D2	55 F2	# Ò => Uò
D3	55 F3	# Ó => Uó
D4	55 F4	# Ô => Uô
D5	55 F5	# Õ => Uõ
D6	55 F6	# Ö => Uö
D8	55 F8	# Ø => Uø
D9	55 F9	# Ù => Uù
DA	55 FA	# Ú => Uú
DB	55 FB	# Û => Uû
DC	55 FC	# Ü => Uü
DD	55 FD	# Ý => Uý
DE	55 FE	# Þ => Uþ
100	55 101	# Ā => Uā
102	55 103	# Ă => Uă
104	55 105	# Ą => Uą
106	55 107	# Ć => Uć
108	55 109	# Ĉ => Uĉ
10A	55 10B	# Ċ => Uċ
10C	55 10D	# Č => Uč
10E	55 10F	# Ď => Uď
110	55 111	# Đ => Uđ
112	55 113	# Ē => Uē
114	55 115	# Ĕ => Uĕ
116	55 117	# Ė => Uė
118	55 119	# Ę => Uę
11A	55 11B	# Ě => Uě
11C	55 11D	# Ĝ => Uĝ
11E	55 11F	# Ğ => Uğ
120	55 121	# Ġ => Uġ
122	55 123	# Ģ => Uģ
124	55 125	# Ĥ => Uĥ
126	55 127	# Ħ => Uħ
128	55 129	# Ĩ => Uĩ
12A	55 12B	# Ī => Uī
12C	55 12D	# Ĭ => Uĭ
12E	55 12F	# Į => Uį
132	55 133	# Ĳ => Uĳ
134	55 135	# Ĵ => Uĵ
136	55 137	# Ķ => Uķ
139	55 13A	# Ĺ => Uĺ
13B	55 13C	# Ļ => Uļ
13D	55 13E	# Ľ => Uľ
13F	55 140	# Ŀ => Uŀ
141	55 142	# Ł => Uł
143	55 144	# Ń => Uń
145	55 146	# Ņ => Uņ
147	55 148	# Ň => Uň
14A	55 14B	# Ŋ => Uŋ
14C	55 14D	# Ō => Uō
14E	55 14F	# Ŏ => Uŏ
150	55 151	# Ő => Uő
152	55 153	# Œ => Uœ
154	55 155	# Ŕ => Uŕ
156	55 157	# Ŗ => Uŗ
158	55 159	# Ř => Uř
15A	55 15B	# Ś => Uś
15C	55 15D	# Ŝ => Uŝ
15E	55 15F	# Ş => Uş
160	55 161	# Š => Uš
162	55 163	# Ţ => Uţ
164	55 165	# Ť => Uť
166	55 167	# Ŧ => Uŧ
168	55 169	# Ũ => Uũ
16A	55 16B	# Ū => Uū
16C	55 16D	# Ŭ => Uŭ
16E	55 16F	# Ů => Uů
170	55 171	# Ű => Uű
172	55 173	# Ų => Uų
174	55 175	# Ŵ => Uŵ
176	55 177	# Ŷ => Uŷ
178	55 FF	# Ÿ => Uÿ
179	55 17A	# Ź => Uź
17B	55 17C	# Ż => Uż
17D	55 17E	# Ž => Už
181	55 253	# Ɓ => Uɓ
182	55 183	# Ƃ => Uƃ
184	55 185	# Ƅ => Uƅ
186	55 254	# Ɔ => Uɔ
187	55 188	# Ƈ => Uƈ
189	55 256	# Ɖ => Uɖ
18A	55 257	# Ɗ => Uɗ
18B	55 18C	# Ƌ => Uƌ
18E	55 1DD	# Ǝ => Uǝ
18F	55 259	# Ə => Uə
190	55 25B	# Ɛ => Uɛ
191	55 192	# Ƒ => Uƒ
193	55 260	# Ɠ => Uɠ
194	55 263	# Ɣ => Uɣ
196	55 269	# Ɩ => Uɩ
197	55 268	# Ɨ => Uɨ
198	55 199	# Ƙ => Uƙ
19C	55 26F	# Ɯ => Uɯ
19D	55 272	# Ɲ => Uɲ
19F	55 275	# Ɵ => Uɵ
1A0	55 1A1	# Ơ => Uơ
1A2	55 1A3	# Ƣ => Uƣ
1A4	55 1A5	# Ƥ => Uƥ
1A6	55 280	# Ʀ => Uʀ
1A7	55 1A8	# Ƨ => Uƨ
1A9	55 283	# Ʃ => Uʃ
1AC	55 1AD	# Ƭ => Uƭ
1AE	55 288	# Ʈ => Uʈ
1AF	55 1B0	# Ư => Uư
1B1	55 28A	# Ʊ => Uʊ
1B2	55 28B	# Ʋ => Uʋ
1B3	55 1B4	# Ƴ => Uƴ
1B5	55 1B6	# Ƶ => Uƶ
1B7	55 292	# Ʒ => Uʒ
1B8	55 1B9	# Ƹ => Uƹ
1BC	55 1BD	# Ƽ => Uƽ
1C4	55 1C6	# Ǆ => Uǆ
1C7	55 1C9	# Ǉ => Uǉ
1CA	55 1CC	# Ǌ => Uǌ
1CD	55 1CE	# Ǎ => Uǎ
1CF	55 1D0	# Ǐ => Uǐ
1D1	55 1D2	# Ǒ => Uǒ
1D3	55 1D4	# Ǔ => Uǔ
1D5	55 1D6	# Ǖ => Uǖ
1D7	55 1D8	# Ǘ => Uǘ
1D9	55 1DA	# Ǚ => Uǚ
1DB	55 1DC	# Ǜ => Uǜ
1DE	55 1DF	# Ǟ => Uǟ
1E0	55 1E1	# Ǡ => Uǡ
1E2	55 1E3	# Ǣ => Uǣ
1E4	55 1E5	# Ǥ => Uǥ
1E6	55 1E7	# Ǧ => Uǧ
1E8	55 1E9	# Ǩ => Uǩ
1EA	55 1EB	# Ǫ => Uǫ
1EC	55 1ED	# Ǭ => Uǭ
1EE	55 1EF	# Ǯ => Uǯ
1F1	55 1F3	# Ǳ => Uǳ
1F4	55 1F5	# Ǵ => Uǵ
1F6	55 195	# Ƕ => Uƕ
1F7	55 1BF	# Ƿ => Uƿ
1F8	55 1F9	# Ǹ => Uǹ
1FA	55 1FB	# Ǻ => Uǻ
1FC	55 1FD	# Ǽ => Uǽ
1FE	55 1FF	# Ǿ => Uǿ
200	55 201	# Ȁ => Uȁ
202	55 203	# Ȃ => Uȃ
204	55 205	# Ȅ => Uȅ
206	55 207	# Ȇ => Uȇ
208	55 209	# Ȉ => Uȉ
20A	55 20B	# Ȋ => Uȋ
20C	55 20D	# Ȍ => Uȍ
20E	55 20F	# Ȏ => Uȏ
210	55 211	# Ȑ => Uȑ
212	55 213	# Ȓ => Uȓ
214	55 215	# Ȕ => Uȕ
216	55 217	# Ȗ => Uȗ
218	55 219	# Ș => Uș
21A	55 21B	# Ț => Uț
21C	55 21D	# Ȝ => Uȝ
21E	55 21F	# Ȟ => Uȟ
220	55 19E	# Ƞ => Uƞ
222	55 223	# Ȣ => Uȣ
224	55 225	# Ȥ => Uȥ
226	55 227	# Ȧ => Uȧ
228	55 229	# Ȩ => Uȩ
22A	55 22B	# Ȫ => Uȫ
22C	55 22D	# Ȭ => Uȭ
22E	55 22F	# Ȯ => Uȯ
230	55 231	# Ȱ => Uȱ
232	55 233	# Ȳ => Uȳ
23A	55 2C65	# Ⱥ => Uⱥ
23B	55 23C	# Ȼ => Uȼ
23D	55 19A	# Ƚ => Uƚ
23E	55 2C66	# Ⱦ => Uⱦ
241	55 242	# Ɂ => Uɂ
243	55 180	# Ƀ => Uƀ
244	55 289	# Ʉ => Uʉ
245	55 28C	# Ʌ => Uʌ
246	55 247	# Ɇ => Uɇ
248	55 249	# Ɉ => Uɉ
24A	55 24B	# Ɋ => Uɋ
24C	55 24D	# Ɍ => Uɍ
24E	55 24F	# Ɏ => Uɏ
370	55 371	# Ͱ => Uͱ
372	55 373	# Ͳ => Uͳ
376	55 377	# Ͷ => Uͷ
37E	50 37E	# ; => P;
37F	55 3F3	# Ϳ => Uϳ
386	55 3AC	# Ά => Uά
387	50 387	# · => P·
388	55 3AD	# Έ => Uέ
389	55 3AE	# Ή => Uή
38A	55 3AF	# Ί => Uί
38C	55 3CC	# Ό => Uό
38E	55 3CD	# Ύ => Uύ
38F	55 3CE	# Ώ => Uώ
391	55 3B1	# Α => Uα
392	55 3B2	# Β => Uβ
393	55 3B3	# Γ => Uγ
394	55 3B4	# Δ => Uδ
395	55 3B5	# Ε => Uε
396	55 3B6	# Ζ => Uζ
397	55 3B7	# Η => Uη
398	55 3B8	# Θ => Uθ
399	55 3B9	# Ι => Uι
39A	55 3BA	# Κ => Uκ
39B	55 3BB	# Λ => Uλ
39C	55 3BC	# Μ => Uμ
39D	55 3BD	# Ν => Uν
39E	55 3BE	# Ξ => Uξ
39F	55 3BF	# Ο => Uο
3A0	55 3C0	# Π => Uπ
3A1	55 3C1	# Ρ => Uρ
3A3	55 3C3	# Σ => Uσ
3A4	55 3C4	# Τ => Uτ
3A5	55 3C5	# Υ => Uυ
3A6	55 3C6	# Φ => Uφ
3A7	55 3C7	# Χ => Uχ
3A8	55 3C8	# Ψ => Uψ
3A9	55 3C9	# Ω => Uω
3AA	55 3CA	# Ϊ => Uϊ
3AB	55 3CB	# Ϋ => Uϋ
3CF	55 3D7	# Ϗ => Uϗ
3D8	55 3D9	# Ϙ => Uϙ
3DA	55 3DB	# Ϛ => Uϛ
3DC	55 3DD	# Ϝ => Uϝ
3DE	55 3DF	# Ϟ => Uϟ
3E0	55 3E1	# Ϡ => Uϡ
3E2	55 3E3	# Ϣ => Uϣ
3E4	55 3E5	# Ϥ => Uϥ
3E6	55 3E7	# Ϧ => Uϧ
3E8	55 3E9	# Ϩ => Uϩ
3EA	55 3EB	# Ϫ => Uϫ
3EC	55 3ED	# Ϭ => Uϭ
3EE	55 3EF	# Ϯ => Uϯ
3F4	55 3B8	# ϴ => Uθ
3F7	55 3F8	# Ϸ => Uϸ
3F9	55 3F2	# Ϲ => Uϲ
3FA	55 3FB	# Ϻ => Uϻ
3FD	55 37B	# Ͻ => Uͻ
3FE	55 37C	# Ͼ => Uͼ
3FF	55 37D	# Ͽ => Uͽ
400	55 450	# Ѐ => Uѐ
401	55 451	# Ё => Uё
402	55 452	# Ђ => Uђ
403	55 453	# Ѓ => Uѓ
404	55 454	# Є => Uє
405	55 455	# Ѕ => Uѕ
406	55 456	# І => Uі
407	55 457	# Ї => Uї
408	55 458	# Ј => Uј
409	55 459	# Љ => Uљ
40A	55 45A	# Њ => Uњ
40B	55 45B	# Ћ => Uћ
40C	55 45C	# Ќ => Uќ
40D	55 45D	# Ѝ => Uѝ
40E	55 45E	# Ў => Uў
40F	55 45F	# Џ => Uџ
410	55 430	# А => Uа
411	55 431	# Б => Uб
412	55 432	# В => Uв
413	55 433	# Г => Uг
414	55 434	# Д => Uд
415	55 435	# Е => Uе
416	55 436	# Ж => Uж
417	55 437	# З => Uз
418	55 438	# И => Uи
419	55 439	# Й => Uй
41A	55 43A	# К => Uк
41B	55 43B	# Л => Uл
41C	55 43C	# М => Uм
41D	55 43D	# Н => Uн
41E	55 43E	# О => Uо
41F	55 43F	# П => Uп
420	55 440	# Р => Uр
421	55 441	# С => Uс
422	55 442	# Т => Uт
423	55 443	# У => Uу
424	55 444	# Ф => Uф
425	55 445	# Х => Uх
426	55 446	# Ц => Uц
427	55 447	# Ч => Uч
428	55 448	# Ш => Uш
429	55 449	# Щ => Uщ
42A	55 44A	# Ъ => Uъ
42B	55 44B	# Ы => Uы
42C	55 44C	# Ь => Uь
42D	55 44D	# Э => Uэ
42E	55 44E	# Ю => Uю
42F	55 44F	# Я => Uя
460	55 461	# Ѡ => Uѡ
462	55 463	# Ѣ => Uѣ
464	55 465	# Ѥ => Uѥ
466	55 467	# Ѧ => Uѧ
468	55 469	# Ѩ => Uѩ
46A	55 46B	# Ѫ => Uѫ
46C	55 46D	# Ѭ => Uѭ
46E	55 46F	# Ѯ => Uѯ
470	55 471	# Ѱ => Uѱ
472	55 473	# Ѳ => Uѳ
474	55 475	# Ѵ => Uѵ
476	55 477	# Ѷ => Uѷ
478	55 479	# Ѹ => Uѹ
47A	55 47B	# Ѻ => Uѻ
47C	55 47D	# Ѽ => Uѽ
47E	55 47F	# Ѿ => Uѿ
480	55 481	# Ҁ => Uҁ
48A	55 48B	# Ҋ => Uҋ
48C	55 48D	# Ҍ => Uҍ
48E	55 48F	# Ҏ => Uҏ
490	55 491	# Ґ => Uґ
492	55 493	# Ғ => Uғ
494	55 495	# Ҕ => Uҕ
496	55 497	# Җ => Uҗ
498	55 499	# Ҙ => Uҙ
49A	55 49B	# Қ => Uқ
49C	55 49D	# Ҝ => Uҝ
49E	55 49F	# Ҟ => Uҟ
4A0	55 4A1	# Ҡ => Uҡ
4A2	55 4A3	# Ң => Uң
4A4	55 4A5	# Ҥ => Uҥ
4A6	55 4A7	# Ҧ => Uҧ
4A8	55 4A9	# Ҩ => Uҩ
4AA	55 4AB	# Ҫ => Uҫ
4AC	55 4AD	# Ҭ => Uҭ
4AE	55 4AF	# Ү => Uү
4B0	55 4B1	# Ұ => Uұ
4B2	55 4B3	# Ҳ => Uҳ
4B4	55 4B5	# Ҵ => Uҵ
4B6	55 4B7	# Ҷ => Uҷ
4B8	55 4B9	# Ҹ => Uҹ
4BA	55 4BB	# Һ => Uһ
4BC	55 4BD	# Ҽ => Uҽ
4BE	55 4BF	# Ҿ => Uҿ
4C0	55 4CF	# Ӏ => Uӏ
4C1	55 4C2	# Ӂ => Uӂ
4C3	55 4C4	# Ӄ => Uӄ
4C5	55 4C6	# Ӆ => Uӆ
4C7	55 4C8	# Ӈ => Uӈ
4C9	55 4CA	# Ӊ => Uӊ
4CB	55 4CC	# Ӌ => Uӌ
4CD	55 4CE	# Ӎ => Uӎ
4D0	55 4D1	# Ӑ => Uӑ
4D2	55 4D3	# Ӓ => Uӓ
4D4	55 4D5	# Ӕ => Uӕ
4D6	55 4D7	# Ӗ => Uӗ
4D8	55 4D9	# Ә => Uә
4DA	55 4DB	# Ӛ => Uӛ
4DC	55 4DD	# Ӝ => Uӝ
4DE	55 4DF	# Ӟ => Uӟ
4E0	55 4E1	# Ӡ => Uӡ
4E2	55 4E3	# Ӣ => Uӣ
4E4	55 4E5	# Ӥ => Uӥ
4E6	55 4E7	# Ӧ => Uӧ
4E8	55 4E9	# Ө => Uө
4EA	55 4EB	# Ӫ => Uӫ
4EC	55 4ED	# Ӭ => Uӭ
4EE	55 4EF	# Ӯ => Uӯ
4F0	55 4F1	# Ӱ => Uӱ
4F2	55 4F3	# Ӳ => Uӳ
4F4	55 4F5	# Ӵ => Uӵ
4F6	55 4F7	# Ӷ => Uӷ
4F8	55 4F9	# Ӹ => Uӹ
4FA	55 4FB	# Ӻ => Uӻ
4FC	55 4FD	# Ӽ => Uӽ
4FE	55 4FF	# Ӿ => Uӿ
500	55 501	# Ԁ => Uԁ
502	55 503	# Ԃ => Uԃ
504	55 505	# Ԅ => Uԅ
506	55 507	# Ԇ => Uԇ
508	55 509	# Ԉ => Uԉ
50A	55 50B	# Ԋ => Uԋ
50C	55 50D	# Ԍ => Uԍ
50E	55 50F	# Ԏ => Uԏ
510	55 511	# Ԑ => Uԑ
512	55 513	# Ԓ => Uԓ
514	55 515	# Ԕ => Uԕ
516	55 517	# Ԗ => Uԗ
518	55 519	# Ԙ => Uԙ
51A	55 51B	# Ԛ => Uԛ
51C	55 51D	# Ԝ => Uԝ
51E	55 51F	# Ԟ => Uԟ
520	55 521	# Ԡ => Uԡ
522	55 523	# Ԣ => Uԣ
524	55 525	# Ԥ => Uԥ
526	55 527	# Ԧ => Uԧ
528	55 529	# Ԩ => Uԩ
52A	55 52B	# Ԫ => Uԫ
52C	55 52D	# Ԭ => Uԭ
52E	55 52F	# Ԯ => Uԯ
531	55 561	# Ա => Uա
532	55 562	# Բ => Uբ
533	55 563	# Գ => Uգ
534	55 564	# Դ => Uդ
535	55 565	# Ե => Uե
536	55 566	# Զ => Uզ
537	55 567	# Է => Uէ
538	55 568	# Ը => Uը
539	55 569	# Թ => Uթ
53A	55 56A	# Ժ => Uժ
53B	55 56B	# Ի => Uի
53C	55 56C	# Լ => Uլ
53D	55 56D	# Խ => Uխ
53E	55 56E	# Ծ => Uծ
53F	55 56F	# Կ => Uկ
540	55 570	# Հ => Uհ
541	55 571	# Ձ => Uձ
542	55 572	# Ղ => Uղ
543	55 573	# Ճ => Uճ
544	55 574	# Մ => Uմ
545	55 575	# Յ => Uյ
546	55 576	# Ն => Uն
547	55 577	# Շ => Uշ
548	55 578	# Ո => Uո
549	55 579	# Չ => Uչ
54A	55 57A	# Պ => Uպ
54B	55 57B	# Ջ => Uջ
54C	55 57C	# Ռ => Uռ
54D	55 57D	# Ս => Uս
54E	55 57E	# Վ => Uվ
54F	55 57F	# Տ => Uտ
550	55 580	# Ր => Uր
551	55 581	# Ց => Uց
552	55 582	# Ւ => Uւ
553	55 583	# Փ => Uփ
554	55 584	# Ք => Uք
555	55 585	# Օ => Uօ
556	55 586	# Ֆ => Uֆ
55A	50 55A	# ՚ => P՚
55B	50 55B	# ՛ => P՛
55C	50 55C	# ՜ => P՜
55D	50 55D	# ՝ => P՝
55E	50 55E	# ՞ => P՞
55F	50 55F	# ՟ => P՟
589	50 589	# ։ => P։
58A	50 58A	# ֊ => P֊
5BE	50 5BE	# ־ => P־
5C0	50 5C0	# ׀ => P׀
5C3	50 5C3	# ׃ => P׃
5C6	50 5C6	# ׆ => P׆
5F3	50 5F3	# ׳ => P׳
5F4	50 5F4	# ״ => P״
609	50 609	# ؉ => P؉
60A	50 60A	# ؊ => P؊
60C	50 60C	# ، => P،
60D	50 60D	# ؍ => P؍
61B	50 61B	# ؛ => P؛
61D	50 61D	# ؝ => P؝
61E	50 61E	# ؞ => P؞
61F	50 61F	# ؟ => P؟
66A	50 66A	# ٪ => P٪
66B	50 66B	# ٫ => P٫
66C	50 66C	# ٬ => P٬
66D	50 66D	# ٭ => P٭
6D4	50 6D4	# ۔ => P۔
700	50 700	# ܀ => P܀
701	50 701	# ܁ => P܁
702	50 702	# ܂ => P܂
703	50 703	# ܃ => P܃
704	50 704	# ܄ => P܄
705	50 705	# ܅ => P܅
706	50 706	# ܆ => P܆
707	50 707	# ܇ => P܇
708	50 708	# ܈ => P܈
709	50 709	# ܉ => P܉
70A	50 70A	# ܊ => P܊
70B	50 70B	# ܋ => P܋
70C	50 70C	# ܌ => P܌
70D	50 70D	# ܍ => P܍
7F7	50 7F7	# ߷ => P߷
7F8	50 7F8	# ߸ => P߸
7F9	50 7F9	# ߹ => P߹
830	50 830	# ࠰ => P࠰
831	50 831	# ࠱ => P࠱
832	50 832	# ࠲ => P࠲
833	50 833	# ࠳ => P࠳
834	50 834	# ࠴ => P࠴
835	50 835	# ࠵ => P࠵
836	50 836	# ࠶ => P࠶
837	50 837	# ࠷ => P࠷
838	50 838	# ࠸ => P࠸
839	50 839	# ࠹ => P࠹
83A	50 83A	# ࠺ => P࠺
83B	50 83B	# ࠻ => P࠻
83C	50 83C	# ࠼ => P࠼
83D	50 83D	# ࠽ => P࠽
83E	50 83E	# ࠾ => P࠾
85E	50 85E	# ࡞ => P࡞
964	50 964	# । => P।
965	50 965	# ॥ => P॥
970	50 970	# ॰ => P॰
9FD	50 9FD	# ৽ => P৽
A76	50 A76	# ੶ => P੶
AF0	50 AF0	# ૰ => P૰
C77	50 C77	# ౷ => P౷
C84	50 C84	# ಄ => P಄
DF4	50 DF4	# ෴ => P෴
E4F	50 E4F	# ๏ => P๏
E5A	50 E5A	# ๚ => P๚
E5B	50 E5B	# ๛ => P๛
F04	50 F04	# ༄ => P༄
F05	50 F05	# ༅ => P༅
F06	50 F06	# ༆ => P༆
F07	50 F07	# ༇ => P༇
F08	50 F08	# ༈ => P༈
F09	50 F09	# ༉ => P༉
F0A	50 F0A	# ༊ => P༊
F0B	50 F0B	# ་ => P་
F0C	50 F0C	# ༌ => P༌
F0D	50 F0D	# ། => P།
F0E	50 F0E	# ༎ => P༎
F0F	50 F0F	# ༏ => P༏
F10	50 F10	# ༐ => P༐
F11	50 F11	# ༑ => P༑
F12	50 F12	# ༒ => P༒
F14	50 F14	# ༔ => P༔
F3A	50 F3A	# ༺ => P༺
F3B	50 F3B	# ༻ => P༻
F3C	50 F3C	# ༼ => P༼
F3D	50 F3D	# ༽ => P༽
F85	50 F85	# ྅ => P྅
FD0	50 FD0	# ࿐ => P࿐
FD1	50 FD1	# ࿑ => P࿑
FD2	50 FD2	# ࿒ => P࿒
FD3	50 FD3	# ࿓ => P࿓
FD4	50 FD4	# ࿔ => P࿔
FD9	50 FD9	# ࿙ => P࿙
FDA	50 FDA	# ࿚ => P࿚
104A	50 104A	# ၊ => P၊
104B	50 104B	# ။ => P။
104C	50 104C	# ၌ => P၌
104D	50 104D	# ၍ => P၍
104E	50 104E	# ၎ => P၎
104F	50 104F	# ၏ => P၏
10A0	55 2D00	# Ⴀ => Uⴀ
10A1	55 2D01	# Ⴁ => Uⴁ
10A2	55 2D02	# Ⴂ => Uⴂ
10A3	55 2D03	# Ⴃ => Uⴃ
10A4	55 2D04	# Ⴄ => Uⴄ
10A5	55 2D05	# Ⴅ => Uⴅ
10A6	55 2D06	# Ⴆ => Uⴆ
10A7	55 2D07	# Ⴇ => Uⴇ
10A8	55 2D08	# Ⴈ => Uⴈ
10A9	55 2D09	# Ⴉ => Uⴉ
10AA	55 2D0A	# Ⴊ => Uⴊ
10AB	55 2D0B	# Ⴋ => Uⴋ
10AC	55 2D0C	# Ⴌ => Uⴌ
10AD	55 2D0D	# Ⴍ => Uⴍ
10AE	55 2D0E	# Ⴎ => Uⴎ
10AF	55 2D0F	# Ⴏ => Uⴏ
10B0	55 2D10	# Ⴐ => Uⴐ
10B1	55 2D11	# Ⴑ => Uⴑ
10B2	55 2D12	# Ⴒ => Uⴒ
10B3	55 2D13	# Ⴓ => Uⴓ
10B4	55 2D14	# Ⴔ => Uⴔ
10B5	55 2D15	# Ⴕ => Uⴕ
10B6	55 2D16	# Ⴖ => Uⴖ
10B7	55 2D17	# Ⴗ => Uⴗ
10B8	55 2D18	# Ⴘ => Uⴘ
10B9	55 2D19	# Ⴙ => Uⴙ
10BA	55 2D1A	# Ⴚ => Uⴚ
10BB	55 2D1B	# Ⴛ => Uⴛ
10BC	55 2D1C	# Ⴜ => Uⴜ
10BD	55 2D1D	# Ⴝ => Uⴝ
10BE	55 2D1E	# Ⴞ => Uⴞ
10BF	55 2D1F	# Ⴟ => Uⴟ
10C0	55 2D20	# Ⴠ => Uⴠ
10C1	55 2D21	# Ⴡ => Uⴡ
10C2	55 2D22	# Ⴢ => Uⴢ
10C3	55 2D23	# Ⴣ => Uⴣ
10C4	55 2D24	# Ⴤ => Uⴤ
10C5	55 2D25	# Ⴥ => Uⴥ
10C7	55 2D27	# Ⴧ => Uⴧ
10CD	55 2D2D	# Ⴭ => Uⴭ
10FB	50 10FB	# ჻ => P჻
1360	50 1360	# ፠ => P፠
1361	50 1361	# ፡ => P፡
1362	50 1362	# ። => P።
1363	50 1363	# ፣ => P፣
1364	50 1364	# ፤ => P፤
1365	50 1365	# ፥ => P፥
1366	50 1366	# ፦ => P፦
1367	50 1367	# ፧ => P፧
1368	50 1368	# ፨ => P፨
1400	50 1400	# ᐀ => P᐀
166E	50 166E	# ᙮ => P᙮
169B	50 169B	# ᚛ => P᚛
169C	50 169C	# ᚜ => P᚜
16EB	50 16EB	# ᛫ => P᛫
16EC	50 16EC	# ᛬ => P᛬
16ED	50 16ED	# ᛭ => P᛭
1735	50 1735	# ᜵ => P᜵
1736	50 1736	# ᜶ => P᜶
17D4	50 17D4	# ។ => P។
17D5	50 17D5	# ៕ => P៕
17D6	50 17D6	# ៖ => P៖
17D8	50 17D8	# ៘ => P៘
17D9	50 17D9	# ៙ => P៙
17DA	50 17DA	# ៚ => P៚
1800	50 1800	# ᠀ => P᠀
1801	50 1801	# ᠁ => P᠁
1802	50 1802	# ᠂ => P᠂
1803	50 1803	# ᠃ => P᠃
1804	50 1804	# ᠄ => P᠄
1805	50 1805	# ᠅ => P᠅
1806	50 1806	# ᠆ => P᠆
1807	50 1807	# ᠇ => P᠇
1808	50 1808	# ᠈ => P᠈
1809	50 1809	# ᠉ => P᠉
180A	50 180A	# ᠊ => P᠊
1944	50 1944	# ᥄ => P᥄
1945	50 1945	# ᥅ => P᥅
1A1E	50 1A1E	# ᨞ => P᨞
1A1F	50 1A1F	# ᨟ => P᨟
1AA0	50 1AA0	# ᪠ => P᪠
1AA1	50 1AA1	# ᪡ => P᪡
1AA2	50 1AA2	# ᪢ => P᪢
1AA3	50 1AA3	# ᪣ => P᪣
1AA4	50 1AA4	# ᪤ => P᪤
1AA5	50 1AA5	# ᪥ => P᪥
1AA6	50 1AA6	# ᪦ => P᪦
1AA8	50 1AA8	# ᪨ => P᪨
1AA9	50 1AA9	# ᪩ => P᪩
1AAA	50 1AAA	# ᪪ => P᪪
1AAB	50 1AAB	# ᪫ => P᪫
1AAC	50 1AAC	# ᪬ => P᪬
1AAD	50 1AAD	# ᪭ => P᪭
1B4E	50 1B4E	# ᭎ => P᭎
1B4F	50 1B4F	# ᭏ => P᭏
1B5A	50 1B5A	# ᭚ => P᭚
1B5B	50 1B5B	# ᭛ => P᭛
1B5C	50 1B5C	# ᭜ => P᭜
1B5D	50 1B5D	# ᭝ => P᭝
1B5E	50 1B5E	# ᭞ => P᭞
1B5F	50 1B5F	# ᭟ => P᭟
1B60	50 1B60	# ᭠ => P᭠
1B7D	50 1B7D	# ᭽ => P᭽
1B7E	50 1B7E	# ᭾ => P᭾
1B7F	50 1B7F	# ᭿ => P᭿
1BFC	50 1BFC	# ᯼ => P᯼
1BFD	50 1BFD	# ᯽ => P᯽
1BFE	50 1BFE	# ᯾ => P᯾
1BFF	50 1BFF	# ᯿ => P᯿
1C3B	50 1C3B	# ᰻ => P᰻
1C3C	50 1C3C	# ᰼ => P᰼
1C3D	50 1C3D	# ᰽ => P᰽
1C3E	50 1C3E	# ᰾ => P᰾
1C3F	50 1C3F	# ᰿ => P᰿
1C7E	50 1C7E	# ᱾ => P᱾
1C7F	50 1C7F	# ᱿ => P᱿
1C89	55 1C8A	# Ᲊ => Uᲊ
1C90	55 10D0	# Ა => Uა
1C91	55 10D1	# Ბ => Uბ
1C92	55 10D2	# Გ => Uგ
1C93	55 10D3	# Დ => Uდ
1C94	55 10D4	# Ე => Uე
1C95	55 10D5	# Ვ => Uვ
1C96	55 10D6	# Ზ => Uზ
1C97	55 10D7	# Თ => Uთ
1C98	55 10D8	# Ი => Uი
1C99	55 10D9	# Კ => Uკ
1C9A	55 10DA	# Ლ => Uლ
1C9B	55 10DB	# Მ => Uმ
1C9C	55 10DC	# Ნ => Uნ
1C9D	55 10DD	# Ო => Uო
1C9E	55 10DE	# Პ => Uპ
1C9F	55 10DF	# Ჟ => Uჟ
1CA0	55 10E0	# Რ => Uრ
1CA1	55 10E1	# Ს => Uს
1CA2	55 10E2	# Ტ => Uტ
1CA3	55 10E3	# Უ => Uუ
1CA4	55 10E4	# Ფ => Uფ
1CA5	55 10E5	# Ქ => Uქ
1CA6	55 10E6	# Ღ => Uღ
1CA7	55 10E7	# Ყ => Uყ
1CA8	55 10E8	# Შ => Uშ
1CA9	55 10E9	# Ჩ => Uჩ
1CAA	55 10EA	# Ც => Uც
1CAB	55 10EB	# Ძ => Uძ
1CAC	55 10EC	# Წ => Uწ
1CAD	55 10ED	# Ჭ => Uჭ
1CAE	55 10EE	# Ხ => Uხ
1CAF	55 10EF	# Ჯ => Uჯ
1CB0	55 10F0	# Ჰ => Uჰ
1CB1	55 10F1	# Ჱ => Uჱ
1CB2	55 10F2	# Ჲ => Uჲ
1CB3	55 10F3	# Ჳ => Uჳ
1CB4	55 10F4	# Ჴ => Uჴ
1CB5	55 10F5	# Ჵ => Uჵ
1CB6	55 10F6	# Ჶ => Uჶ
1CB7	55 10F7	# Ჷ => Uჷ
1CB8	55 10F8	# Ჸ => Uჸ
1CB9	55 10F9	# Ჹ => Uჹ
1CBA	55 10FA	# Ჺ => Uჺ
1CBD	55 10FD	# Ჽ => Uჽ
1CBE	55 10FE	# Ჾ => Uჾ
1CBF	55 10FF	# Ჿ => Uჿ
1CC0	50 1CC0	# ᳀ => P᳀
1CC1	50 1CC1	# ᳁ => P᳁
1CC2	50 1CC2	# ᳂ => P᳂
1CC3	50 1CC3	# ᳃ => P᳃
1CC4	50 1CC4	# ᳄ => P᳄
1CC5	50 1CC5	# ᳅ => P᳅
1CC6	50 1CC6	# ᳆ => P᳆
1CC7	50 1CC7	# ᳇ => P᳇
1CD3	50 1CD3	# ᳓ => P᳓
1E00	55 1E01	# Ḁ => Uḁ
1E02	55 1E03	# Ḃ => Uḃ
1E04	55 1E05	# Ḅ => Uḅ
1E06	55 1E07	# Ḇ => Uḇ
1E08	55 1E09	# Ḉ => Uḉ
1E0A	55 1E0B	# Ḋ => Uḋ
1E0C	55 1E0D	# Ḍ => Uḍ
1E0E	55 1E0F	# Ḏ => Uḏ
1E10	55 1E11	# Ḑ => Uḑ
1E12	55 1E13	# Ḓ => Uḓ
1E14	55 1E15	# Ḕ => Uḕ
1E16	55 1E17	# Ḗ => Uḗ
1E18	55 1E19	# Ḙ => Uḙ
1E1A	55 1E1B	# Ḛ => Uḛ
1E1C	55 1E1D	# Ḝ => Uḝ
1E1E	55 1E1F	# Ḟ => Uḟ
1E20	55 1E21	# Ḡ => Uḡ
1E22	55 1E23	# Ḣ => Uḣ
1E24	55 1E25	# Ḥ => Uḥ
1E26	55 1E27	# Ḧ => Uḧ
1E28	55 1E29	# Ḩ => Uḩ
1E2A	55 1E2B	# Ḫ => Uḫ
1E2C	55 1E2D	# Ḭ => Uḭ
1E2E	55 1E2F	# Ḯ => Uḯ
1E30	55 1E31	# Ḱ => Uḱ
1E32	55 1E33	# Ḳ => Uḳ
1E34	55 1E35	# Ḵ => Uḵ
1E36	55 1E37	# Ḷ => Uḷ
1E38	55 1E39	# Ḹ => Uḹ
1E3A	55 1E3B	# Ḻ => Uḻ
1E3C	55 1E3D	# Ḽ => Uḽ
1E3E	55 1E3F	# Ḿ => Uḿ
1E40	55 1E41	# Ṁ => Uṁ
1E42	55 1E43	# Ṃ => Uṃ
1E44	55 1E45	# Ṅ => Uṅ
1E46	55 1E47	# Ṇ => Uṇ
1E48	55 1E49	# Ṉ => Uṉ
1E4A	55 1E4B	# Ṋ => Uṋ
1E4C	55 1E4D	# Ṍ => Uṍ
1E4E	55 1E4F	# Ṏ => Uṏ
1E50	55 1E51	# Ṑ => Uṑ
1E52	55 1E53	# Ṓ => Uṓ
1E54	55 1E55	# Ṕ => Uṕ
1E56	55 1E57	# Ṗ => Uṗ
1E58	55 1E59	# Ṙ => Uṙ
1E5A	55 1E5B	# Ṛ => Uṛ
1E5C	55 1E5D	# Ṝ => Uṝ
1E5E	55 1E5F	# Ṟ => Uṟ
1E60	55 1E61	# Ṡ => Uṡ
1E62	55 1E63	# Ṣ => Uṣ
1E64	55 1E65	# Ṥ => Uṥ
1E66	55 1E67	# Ṧ => Uṧ
1E68	55 1E69	# Ṩ => Uṩ
1E6A	55 1E6B	# Ṫ => Uṫ
1E6C	55 1E6D	# Ṭ => Uṭ
1E6E	55 1E6F	# Ṯ => Uṯ
1E70	55 1E71	# Ṱ => Uṱ
1E72	55 1E73	# Ṳ => Uṳ
1E74	55 1E75	# Ṵ => Uṵ
1E76	55 1E77	# Ṷ => Uṷ
1E78	55 1E79	# Ṹ => Uṹ
1E7A	55 1E7B	# Ṻ => Uṻ
1E7C	55 1E7D	# Ṽ => Uṽ
1E7E	55 1E7F	# Ṿ => Uṿ
1E80	55 1E81	# Ẁ => Uẁ
1E82	55 1E83	# Ẃ => Uẃ
1E84	55 1E85	# Ẅ => Uẅ
1E86	55 1E87	# Ẇ => Uẇ
1E88	55 1E89	# Ẉ => Uẉ
1E8A	55 1E8B	# Ẋ => Uẋ
1E8C	55 1E8D	# Ẍ => Uẍ
1E8E	55 1E8F	# Ẏ => Uẏ
1E90	55 1E91	# Ẑ => Uẑ
1E92	55 1E93	# Ẓ => Uẓ
1E94	55 1E95	# Ẕ => Uẕ
1E9E	55 DF	# ẞ => Uß
1EA0	55 1EA1	# Ạ => Uạ
1EA2	55 1EA3	# Ả => Uả
1EA4	55 1EA5	# Ấ => Uấ
1EA6	55 1EA7	# Ầ => Uầ
1EA8	55 1EA9	# Ẩ => Uẩ
1EAA	55 1EAB	# Ẫ => Uẫ
1EAC	55 1EAD	# Ậ => Uậ
1EAE	55 1EAF	# Ắ => Uắ
1EB0	55 1EB1	# Ằ => Uằ
1EB2	55 1EB3	# Ẳ => Uẳ
1EB4	55 1EB5	# Ẵ => Uẵ
1EB6	55 1EB7	# Ặ => Uặ
1EB8	55 1EB9	# Ẹ => Uẹ
1EBA	55 1EBB	# Ẻ => Uẻ
1EBC	55 1EBD	# Ẽ => Uẽ
1EBE	55 1EBF	# Ế => Uế
1EC0	55 1EC1	# Ề => Uề
1EC2	55 1EC3	# Ể => Uể
1EC4	55 1EC5	# Ễ => Uễ
1EC6	55 1EC7	# Ệ => Uệ
1EC8	55 1EC9	# Ỉ => Uỉ
1ECA	55 1ECB	# Ị => Uị
1ECC	55 1ECD	# Ọ => Uọ
1ECE	55 1ECF	# Ỏ => Uỏ
1ED0	55 1ED1	# Ố => Uố
1ED2	55 1ED3	# Ồ => Uồ
1ED4	55 1ED5	# Ổ => Uổ
1ED6	55 1ED7	# Ỗ => Uỗ
1ED8	55 1ED9	# Ộ => Uộ
1EDA	55 1EDB	# Ớ => Uớ
1EDC	55 1EDD	# Ờ => Uờ
1EDE	55 1EDF	# Ở => Uở
1EE0	55 1EE1	# Ỡ => Uỡ
1EE2	55 1EE3	# Ợ => Uợ
1EE4	55 1EE5	# Ụ => Uụ
1EE6	55 1EE7	# Ủ => Uủ
1EE8	55 1EE9	# Ứ => Uứ
1EEA	55 1EEB	# Ừ => Uừ
1EEC	55 1EED	# Ử => Uử
1EEE	55 1EEF	# Ữ => Uữ
1EF0	55 1EF1	# Ự => Uự
1EF2	55 1EF3	# Ỳ => Uỳ
1EF4	55 1EF5	# Ỵ => Uỵ
1EF6	55 1EF7	# Ỷ => Uỷ
1EF8	55 1EF9	# Ỹ => Uỹ
1EFA	55 1EFB	# Ỻ => Uỻ
1EFC	55 1EFD	# Ỽ => Uỽ
1EFE	55 1EFF	# Ỿ => Uỿ
1F08	55 1F00	# Ἀ => Uἀ
1F09	55 1F01	# Ἁ => Uἁ
1F0A	55 1F02	# Ἂ => Uἂ
1F0B	55 1F03	# Ἃ => Uἃ
1F0C	55 1F04	# Ἄ => Uἄ
1F0D	55 1F05	# Ἅ => Uἅ
1F0E	55 1F06	# Ἆ => Uἆ
1F0F	55 1F07	# Ἇ => Uἇ
1F18	55 1F10	# Ἐ => Uἐ
1F19	55 1F11	# Ἑ => Uἑ
1F1A	55 1F12	# Ἒ => Uἒ
1F1B	55 1F13	# Ἓ => Uἓ
1F1C	55 1F14	# Ἔ => Uἔ
1F1D	55 1F15	# Ἕ => Uἕ
1F28	55 1F20	# Ἠ => Uἠ
1F29	55 1F21	# Ἡ => Uἡ
1F2A	55 1F22	# Ἢ => Uἢ
1F2B	55 1F23	# Ἣ => Uἣ
1F2C	55 1F24	# Ἤ => Uἤ
1F2D	55 1F25	# Ἥ => Uἥ
1F2E	55 1F26	# Ἦ => Uἦ
1F2F	55 1F27	# Ἧ => Uἧ
1F38	55 1F30	# Ἰ => Uἰ
1F39	55 1F31	# Ἱ => Uἱ
1F3A	55 1F32	# Ἲ => Uἲ
1F3B	55 1F33	# Ἳ => Uἳ
1F3C	55 1F34	# Ἴ => Uἴ
1F3D	55 1F35	# Ἵ => Uἵ
1F3E	55 1F36	# Ἶ => Uἶ
1F3F	55 1F37	# Ἷ => Uἷ
1F48	55 1F40	# Ὀ => Uὀ
1F49	55 1F41	# Ὁ => Uὁ
1F4A	55 1F42	# Ὂ => Uὂ
1F4B	55 1F43	# Ὃ => Uὃ
1F4C	55 1F44	# Ὄ => Uὄ
1F4D	55 1F45	# Ὅ => Uὅ
1F59	55 1F51	# Ὑ => Uὑ
1F5B	55 1F53	# Ὓ => Uὓ
1F5D	55 1F55	# Ὕ => Uὕ
1F5F	55 1F57	# Ὗ => Uὗ
1F68	55 1F60	# Ὠ => Uὠ
1F69	55 1F61	# Ὡ => Uὡ
1F6A	55 1F62	# Ὢ => Uὢ
1F6B	55 1F63	# Ὣ => Uὣ
1F6C	55 1F64	# Ὤ => Uὤ
1F6D	55 1F65	# Ὥ => Uὥ
1F6E	55 1F66	# Ὦ => Uὦ
1F6F	55 1F67	# Ὧ => Uὧ
1FB8	55 1FB0	# Ᾰ => Uᾰ
1FB9	55 1FB1	# Ᾱ => Uᾱ
1FBA	55 1F70	# Ὰ => Uὰ
1FBB	55 1F71	# Ά => Uά
1FC8	55 1F72	# Ὲ => Uὲ
1FC9	55 1F73	# Έ => Uέ
1FCA	55 1F74	# Ὴ => Uὴ
1FCB	55 1F75	# Ή => Uή
1FD8	55 1FD0	# Ῐ => Uῐ
1FD9	55 1FD1	# Ῑ => Uῑ
1FDA	55 1F76	# Ὶ => Uὶ
1FDB	55 1F77	# Ί => Uί
1FE8	55 1FE0	# Ῠ => Uῠ
1FE9	55 1FE1	# Ῡ => Uῡ
1FEA	55 1F7A	# Ὺ => Uὺ
1FEB	55 1F7B	# Ύ => Uύ
1FEC	55 1FE5	# Ῥ => Uῥ
1FF8	55 1F78	# Ὸ => Uὸ
1FF9	55 1F79	# Ό => Uό
1FFA	55 1F7C	# Ὼ => Uὼ
1FFB	55 1F7D	# Ώ => Uώ
2010	50 2010	# ‐ => P‐
2011	50 2011	# ‑ => P‑
2012	50 2012	# ‒ => P‒
2013	50 2013	# – => P–
2014	50 2014	# — => P—
2015	50 2015	# ― => P―
2016	50 2016	# ‖ => P‖
2017	50 2017	# ‗ => P‗
2018	50 2018	# ‘ => P‘
2019	50 2019	# ’ => P’
201A	50 201A	# ‚ => P‚
201B	50 201B	# ‛ => P‛
201C	50 201C	# “ => P“
201D	50 201D	# ” => P”
201E	50 201E	# „ => P„
201F	50 201F	# ‟ => P‟
2020	50 2020	# † => P†
2021	50 2021	# ‡ => P‡
2022	50 2022	# • => P•
2023	50 2023	# ‣ => P‣
2024	50 2024	# ․ => P․
2025	50 2025	# ‥ => P‥
2026	50 2026	# … => P…
2027	50 2027	# ‧ => P‧
2030	50 2030	# ‰ => P‰
2031	50 2031	# ‱ => P‱
2032	50 2032	# ′ => P′
2033	50 2033	# ″ => P″
2034	50 2034	# ‴ => P‴
2035	50 2035	# ‵ => P‵
2036	50 2036	# ‶ => P‶
2037	50 2037	# ‷ => P‷
2038	50 2038	# ‸ => P‸
2039	50 2039	# ‹ => P‹
203A	50 203A	# › => P›
203B	50 203B	# ※ => P※
203C	50 203C	# ‼ => P‼
203D	50 203D	# ‽ => P‽
203E	50 203E	# ‾ => P‾
203F	50 203F	# ‿ => P‿
2040	50 2040	# ⁀ => P⁀
2041	50 2041	# ⁁ => P⁁
2042	50 2042	# ⁂ => P⁂
2043	50 2043	# ⁃ => P⁃
2045	50 2045	# ⁅ => P⁅
2046	50 2046	# ⁆ => P⁆
2047	50 2047	# ⁇ => P⁇
2048	50 2048	# ⁈ => P⁈
2049	50 2049	# ⁉ => P⁉
204A	50 204A	# ⁊ => P⁊
204B	50 204B	# ⁋ => P⁋
204C	50 204C	# ⁌ => P⁌
204D	50 204D	# ⁍ => P⁍
204E	50 204E	# ⁎ => P⁎
204F	50 204F	# ⁏ => P⁏
2050	50 2050	# ⁐ => P⁐
2051	50 2051	# ⁑ => P⁑
2053	50 2053	# ⁓ => P⁓
2054	50 2054	# ⁔ => P⁔
2055	50 2055	# ⁕ => P⁕
2056	50 2056	# ⁖ => P⁖
2057	50 2057	# ⁗ => P⁗
2058	50 2058	# ⁘ => P⁘
2059	50 2059	# ⁙ => P⁙
205A	50 205A	# ⁚ => P⁚
205B	50 205B	# ⁛ => P⁛
205C	50 205C	# ⁜ => P⁜
205D	50 205D	# ⁝ => P⁝
205E	50 205E	# ⁞ => P⁞
207D	50 207D	# ⁽ => P⁽
207E	50 207E	# ⁾ => P⁾
208D	50 208D	# ₍ => P₍
208E	50 208E	# ₎ => P₎
2126	55 3C9	# Ω => Uω
212A	55 6B	# K => Uk
212B	55 E5	# Å => Uå
2132	55 214E	# Ⅎ => Uⅎ
2183	55 2184	# Ↄ => Uↄ
2308	50 2308	# ⌈ => P⌈
2309	50 2309	# ⌉ => P⌉
230A	50 230A	# ⌊ => P⌊
230B	50 230B	# ⌋ => P⌋
2329	50 2329	# 〈 => P〈
232A	50 232A	# 〉 => P〉
2768	50 2768	# ❨ => P❨
2769	50 2769	# ❩ => P❩
276A	50 276A	# ❪ => P❪
276B	50 276B	# ❫ => P❫
276C	50 276C	# ❬ => P❬
276D	50 276D	# ❭ => P❭
276E	50 276E	# ❮ => P❮
276F	50 276F	# ❯ => P❯
2770	50 2770	# ❰ => P❰
2771	50 2771	# ❱ => P❱
2772	50 2772	# ❲ => P❲
2773	50 2773	# ❳ => P❳
2774	50 2774	# ❴ => P❴
2775	50 2775	# ❵ => P❵
27C5	50 27C5	# ⟅ => P⟅
27C6	50 27C6	# ⟆ => P⟆
27E6	50 27E6	# ⟦ => P⟦
27E7	50 27E7	# ⟧ => P⟧
27E8	50 27E8	# ⟨ => P⟨
27E9	50 27E9	# ⟩ => P⟩
27EA	50 27EA	# ⟪ => P⟪
27EB	50 27EB	# ⟫ => P⟫
27EC	50 27EC	# ⟬ => P⟬
27ED	50 27ED	# ⟭ => P⟭
27EE	50 27EE	# ⟮ => P⟮
27EF	50 27EF	# ⟯ => P⟯
2983	50 2983	# ⦃ => P⦃
2984	50 2984	# ⦄ => P⦄
2985	50 2985	# ⦅ => P⦅
2986	50 2986	# ⦆ => P⦆
2987	50 2987	# ⦇ => P⦇
2988	50 2988	# ⦈ => P⦈
2989	50 2989	# ⦉ => P⦉
298A	50 298A	# ⦊ => P⦊
298B	50 298B	# ⦋ => P⦋
298C	50 298C	# ⦌ => P⦌
298D	50 298D	# ⦍ => P⦍
298E	50 298E	# ⦎ => P⦎
298F	50 298F	# ⦏ => P⦏
2990	50 2990	# ⦐ => P⦐
2991	50 2991	# ⦑ => P⦑
2992	50 2992	# ⦒ => P⦒
2993	50 2993	# ⦓ => P⦓
2994	50 2994	# ⦔ => P⦔
2995	50 2995	# ⦕ => P⦕
2996	50 2996	# ⦖ => P⦖
2997	50 2997	# ⦗ => P⦗
2998	50 2998	# ⦘ => P⦘
29D8	50 29D8	# ⧘ => P⧘
29D9	50 29D9	# ⧙ => P⧙
29DA	50 29DA	# ⧚ => P⧚
29DB	50 29DB	# ⧛ => P⧛
29FC	50 29FC	# ⧼ => P⧼
29FD	50 29FD	# ⧽ => P⧽
2C00	55 2C30	# Ⰰ => Uⰰ
2C01	55 2C31	# Ⰱ => Uⰱ
2C02	55 2C32	# Ⰲ => Uⰲ
2C03	55 2C33	# Ⰳ => Uⰳ
2C04	55 2C34	# Ⰴ => Uⰴ
2C05	55 2C35	# Ⰵ => Uⰵ
2C06	55 2C36	# Ⰶ => Uⰶ
2C07	55 2C37	# Ⰷ => Uⰷ
2C08	55 2C38	# Ⰸ => Uⰸ
2C09	55 2C39	# Ⰹ => Uⰹ
2C0A	55 2C3A	# Ⰺ => Uⰺ
2C0B	55 2C3B	# Ⰻ => Uⰻ
2C0C	55 2C3C	# Ⰼ => Uⰼ
2C0D	55 2C3D	# Ⰽ => Uⰽ
2C0E	55 2C3E	# Ⰾ => Uⰾ
2C0F	55 2C3F	# Ⰿ => Uⰿ
2C10	55 2C40	# Ⱀ => Uⱀ
2C11	55 2C41	# Ⱁ => Uⱁ
2C12	55 2C42	# Ⱂ => Uⱂ
2C13	55 2C43	# Ⱃ => Uⱃ
2C14	55 2C44	# Ⱄ => Uⱄ
2C15	55 2C45	# Ⱅ => Uⱅ
2C16	55 2C46	# Ⱆ => Uⱆ
2C17	55 2C47	# Ⱇ => Uⱇ
2C18	55 2C48	# Ⱈ => Uⱈ
2C19	55 2C49	# Ⱉ => Uⱉ
2C1A	55 2C4A	# Ⱊ => Uⱊ
2C1B	55 2C4B	# Ⱋ => Uⱋ
2C1C	55 2C4C	# Ⱌ => Uⱌ
2C1D	55 2C4D	# Ⱍ => Uⱍ
2C1E	55 2C4E	# Ⱎ => Uⱎ
2C1F	55 2C4F	# Ⱏ => Uⱏ
2C20	55 2C50	# Ⱐ => Uⱐ
2C21	55 2C51	# Ⱑ => Uⱑ
2C22	55 2C52	# Ⱒ => Uⱒ
2C23	55 2C53	# Ⱓ => Uⱓ
2C24	55 2C54	# Ⱔ => Uⱔ
2C25	55 2C55	# Ⱕ => Uⱕ
2C26	55 2C56	# Ⱖ => Uⱖ
2C27	55 2C57	# Ⱗ => Uⱗ
2C28	55 2C58	# Ⱘ => Uⱘ
2C29	55 2C59	# Ⱙ => Uⱙ
2C2A	55 2C5A	# Ⱚ => Uⱚ
2C2B	55 2C5B	# Ⱛ => Uⱛ
2C2C	55 2C5C	# Ⱜ => Uⱜ
2C2D	55 2C5D	# Ⱝ => Uⱝ
2C2E	55 2C5E	# Ⱞ => Uⱞ
2C2F	55 2C5F	# Ⱟ => Uⱟ
2C60	55 2C61	# Ⱡ => Uⱡ
2C62	55 26B	# Ɫ => Uɫ
2C63	55 1D7D	# Ᵽ => Uᵽ
2C64	55 27D	# Ɽ => Uɽ
2C67	55 2C68	# Ⱨ => Uⱨ
2C69	55 2C6A	# Ⱪ => Uⱪ
2C6B	55 2C6C	# Ⱬ => Uⱬ
2C6D	55 251	# Ɑ => Uɑ
2C6E	55 271	# Ɱ => Uɱ
2C6F	55 250	# Ɐ => Uɐ
2C70	55 252	# Ɒ => Uɒ
2C72	55 2C73	# Ⱳ => Uⱳ
2C75	55 2C76	# Ⱶ => Uⱶ
2C7E	55 23F	# Ȿ => Uȿ
2C7F	55 240	# Ɀ => Uɀ
2C80	55 2C81	# Ⲁ => Uⲁ
2C82	55 2C83	# Ⲃ => Uⲃ
2C84	55 2C85	# Ⲅ => Uⲅ
2C86	55 2C87	# Ⲇ => Uⲇ
2C88	55 2C89	# Ⲉ => Uⲉ
2C8A	55 2C8B	# Ⲋ => Uⲋ
2C8C	55 2C8D	# Ⲍ => Uⲍ
2C8E	55 2C8F	# Ⲏ => Uⲏ
2C90	55 2C91	# Ⲑ => Uⲑ
2C92	55 2C93	# Ⲓ => Uⲓ
2C94	55 2C95	# Ⲕ => Uⲕ
2C96	55 2C97	# Ⲗ => Uⲗ
2C98	55 2C99	# Ⲙ => Uⲙ
2C9A	55 2C9B	# Ⲛ => Uⲛ
2C9C	55 2C9D	# Ⲝ => Uⲝ
2C9E	55 2C9F	# Ⲟ => Uⲟ
2CA0	55 2CA1	# Ⲡ => Uⲡ
2CA2	55 2CA3	# Ⲣ => Uⲣ
2CA4	55 2CA5	# Ⲥ => Uⲥ
2CA6	55 2CA7	# Ⲧ => Uⲧ
2CA8	55 2CA9	# Ⲩ => Uⲩ
2CAA	55 2CAB	# Ⲫ => Uⲫ
2CAC	55 2CAD	# Ⲭ => Uⲭ
2CAE	55 2CAF	# Ⲯ => Uⲯ
2CB0	55 2CB1	# Ⲱ => Uⲱ
2CB2	55 2CB3	# Ⲳ => Uⲳ
2CB4	55 2CB5	# Ⲵ => Uⲵ
2CB6	55 2CB7	# Ⲷ => Uⲷ
2CB8	55 2CB9	# Ⲹ => Uⲹ
2CBA	55 2CBB	# Ⲻ => Uⲻ
2CBC	55 2CBD	# Ⲽ => Uⲽ
2CBE	55 2CBF	# Ⲿ => Uⲿ
2CC0	55 2CC1	# Ⳁ => Uⳁ
2CC2	55 2CC3	# Ⳃ => Uⳃ
2CC4	55 2CC5	# Ⳅ => Uⳅ
2CC6	55 2CC7	# Ⳇ => Uⳇ
2CC8	55 2CC9	# Ⳉ => Uⳉ
2CCA	55 2CCB	# Ⳋ => Uⳋ
2CCC	55 2CCD	# Ⳍ => Uⳍ
2CCE	55 2CCF	# Ⳏ => Uⳏ
2CD0	55 2CD1	# Ⳑ => Uⳑ
2CD2	55 2CD3	# Ⳓ => Uⳓ
2CD4	55 2CD5	# Ⳕ => Uⳕ
2CD6	55 2CD7	# Ⳗ => Uⳗ
2CD8	55 2CD9	# Ⳙ => Uⳙ
2CDA	55 2CDB	# Ⳛ => Uⳛ
2CDC	55 2CDD	# Ⳝ => Uⳝ
2CDE	55 2CDF	# Ⳟ => Uⳟ
2CE0	55 2CE1	# Ⳡ => Uⳡ
2CE2	55 2CE3	# Ⳣ => Uⳣ
2CEB	55 2CEC	# Ⳬ => Uⳬ
2CED	55 2CEE	# Ⳮ => Uⳮ
2CF2	55 2CF3	# Ⳳ => Uⳳ
2CF9	50 2CF9	# ⳹ => P⳹
2CFA	50 2CFA	# ⳺ => P⳺
2CFB	50 2CFB	# ⳻ => P⳻
2CFC	50 2CFC	# ⳼ => P⳼
2CFE	50 2CFE	# ⳾ => P⳾
2CFF	50 2CFF	# ⳿ => P⳿
2D70	50 2D70	# ⵰ => P⵰
2E00	50 2E00	# ⸀ => P⸀
2E01	50 2E01	# ⸁ => P⸁
2E02	50 2E02	# ⸂ => P⸂
2E03	50 2E03	# ⸃ => P⸃
2E04	50 2E04	# ⸄ => P⸄
2E05	50 2E05	# ⸅ => P⸅
2E06	50 2E06	# ⸆ => P⸆
2E07	50 2E07	# ⸇ => P⸇
2E08	50 2E08	# ⸈ => P⸈
2E09	50 2E09	# ⸉ => P⸉
2E0A	50 2E0A	# ⸊ => P⸊
2E0B	50 2E0B	# ⸋ => P⸋
2E0C	50 2E0C	# ⸌ => P⸌
2E0D	50 2E0D	# ⸍ => P⸍
2E0E	50 2E0E	# ⸎ => P⸎
2E0F	50 2E0F	# ⸏ => P⸏
2E10	50 2E10	# ⸐ => P⸐
2E11	50 2E11	# ⸑ => P⸑
2E12	50 2E12	# ⸒ => P⸒
2E13	50 2E13	# ⸓ => P⸓
2E14	50 2E14	# ⸔ => P⸔
2E15	50 2E15	# ⸕ => P⸕
2E16	50 2E16	# ⸖ => P⸖
2E17	50 2E17	# ⸗ => P⸗
2E18	50 2E18	# ⸘ => P⸘
2E19	50 2E19	# ⸙ => P⸙
2E1A	50 2E1A	# ⸚ => P⸚
2E1B	50 2E1B	# ⸛ => P⸛
2E1C	50 2E1C	# ⸜ => P⸜
2E1D	50 2E1D	# ⸝ => P⸝
2E1E	50 2E1E	# ⸞ => P⸞
2E1F	50 2E1F	# ⸟ => P⸟
2E20	50 2E20	# ⸠ => P⸠
2E21	50 2E21	# ⸡ => P⸡
2E22	50 2E22	# ⸢ => P⸢
2E23	50 2E23	# ⸣ => P⸣
2E24	50 2E24	# ⸤ => P⸤
2E25	50 2E25	# ⸥ => P⸥
2E26	50 2E26	# ⸦ => P⸦
2E27	50 2E27	# ⸧ => P⸧
2E28	50 2E28	# ⸨ => P⸨
2E29	50 2E29	# ⸩ => P⸩
2E2A	50 2E2A	# ⸪ => P⸪
2E2B	50 2E2B	# ⸫ => P⸫
2E2C	50 2E2C	# ⸬ => P⸬
2E2D	50 2E2D	# ⸭ => P⸭
2E2E	50 2E2E	# ⸮ => P⸮
2E30	50 2E30	# ⸰ => P⸰
2E31	50 2E31	# ⸱ => P⸱
2E32	50 2E32	# ⸲ => P⸲
2E33	50 2E33	# ⸳ => P⸳
2E34	50 2E34	# ⸴ => P⸴
2E35	50 2E35	# ⸵ => P⸵
2E36	50 2E36	# ⸶ => P⸶
2E37	50 2E37	# ⸷ => P⸷
2E38	50 2E38	# ⸸ => P⸸
2E39	50 2E39	# ⸹ => P⸹
2E3A	50 2E3A	# ⸺ => P⸺
2E3B	50 2E3B	# ⸻ => P⸻
2E3C	50 2E3C	# ⸼ => P⸼
2E3D	50 2E3D	# ⸽ => P⸽
2E3E	50 2E3E	# ⸾ => P⸾
2E3F	50 2E3F	# ⸿ => P⸿
2E40	50 2E40	# ⹀ => P⹀
2E41	50 2E41	# ⹁ => P⹁
2E42	50 2E42	# ⹂ => P⹂
2E43	50 2E43	# ⹃ => P⹃
2E44	50 2E44	# ⹄ => P⹄
2E45	50 2E45	# ⹅ => P⹅
2E46	50 2E46	# ⹆ => P⹆
2E47	50 2E47	# ⹇ => P⹇
2E48	50 2E48	# ⹈ => P⹈
2E49	50 2E49	# ⹉ => P⹉
2E4A	50 2E4A	# ⹊ => P⹊
2E4B	50 2E4B	# ⹋ => P⹋
2E4C	50 2E4C	# ⹌ => P⹌
2E4D	50 2E4D	# ⹍ => P⹍
2E4E	50 2E4E	# ⹎ => P⹎
2E4F	50 2E4F	# ⹏ => P⹏
2E52	50 2E52	# ⹒ => P⹒
2E53	50 2E53	# ⹓ => P⹓
2E54	50 2E54	# ⹔ => P⹔
2E55	50 2E55	# ⹕ => P⹕
2E56	50 2E56	# ⹖ => P⹖
2E57	50 2E57	# ⹗ => P⹗
2E58	50 2E58	# ⹘ => P⹘
2E59	50 2E59	# ⹙ => P⹙
2E5A	50 2E5A	# ⹚ => P⹚
2E5B	50 2E5B	# ⹛ => P⹛
2E5C	50 2E5C	# ⹜ => P⹜
2E5D	50 2E5D	# ⹝ => P⹝
3001	50 3001	# 、 => P、
3002	50 3002	# 。 => P。
3003	50 3003	# 〃 => P〃
3008	50 3008	# 〈 => P〈
3009	50 3009	# 〉 => P〉
300A	50 300A	# 《 => P《
300B	50 300B	# 》 => P》
300C	50 300C	# 「 => P「
300D	50 300D	# 」 => P」
300E	50 300E	# 『 => P『
300F	50 300F	# 』 => P』
3010	50 3010	# 【 => P【
3011	50 3011	# 】 => P】
3014	50 3014	# 〔 => P〔
3015	50 3015	# 〕 => P〕
3016	50 3016	# 〖 => P〖
3017	50 3017	# 〗 => P〗
3018	50 3018	# 〘 => P〘
3019	50 3019	# 〙 => P〙
301A	50 301A	# 〚 => P〚
301B	50 301B	# 〛 => P〛
301C	50 301C	# 〜 => P〜
301D	50 301D	# 〝 => P〝
301E	50 301E	# 〞 => P〞
301F	50 301F	# 〟 => P〟
3030	50 3030	# 〰 => P〰
303D	50 303D	# 〽 => P〽
30A0	50 30A0	# ゠ => P゠
30FB	50 30FB	# ・ => P・
A4FE	50 A4FE	# ꓾ => P꓾
A4FF	50 A4FF	# ꓿ => P꓿
A60D	50 A60D	# ꘍ => P꘍
A60E	50 A60E	# ꘎ => P꘎
A60F	50 A60F	# ꘏ => P꘏
A640	55 A641	# Ꙁ => Uꙁ
A642	55 A643	# Ꙃ => Uꙃ
A644	55 A645	# Ꙅ => Uꙅ
A646	55 A647	# Ꙇ => Uꙇ
A648	55 A649	# Ꙉ => Uꙉ
A64A	55 A64B	# Ꙋ => Uꙋ
A64C	55 A64D	# Ꙍ => Uꙍ
A64E	55 A64F	# Ꙏ => Uꙏ
A650	55 A651	# Ꙑ => Uꙑ
A652	55 A653	# Ꙓ => Uꙓ
A654	55 A655	# Ꙕ => Uꙕ
A656	55 A657	# Ꙗ => Uꙗ
A658	55 A659	# Ꙙ => Uꙙ
A65A	55 A65B	# Ꙛ => Uꙛ
A65C	55 A65D	# Ꙝ => Uꙝ
A65E	55 A65F	# Ꙟ => Uꙟ
A660	55 A661	# Ꙡ => Uꙡ
A662	55 A663	# Ꙣ => Uꙣ
A664	55 A665	# Ꙥ => Uꙥ
A666	55 A667	# Ꙧ => Uꙧ
A668	55 A669	# Ꙩ => Uꙩ
A66A	55 A66B	# Ꙫ => Uꙫ
A66C	55 A66D	# Ꙭ => Uꙭ
A673	50 A673	# ꙳ => P꙳
A67E	50 A67E	# ꙾ => P꙾
A680	55 A681	# Ꚁ => Uꚁ
A682	55 A683	# Ꚃ => Uꚃ
A684	55 A685	# Ꚅ => Uꚅ
A686	55 A687	# Ꚇ => Uꚇ
A688	55 A689	# Ꚉ => Uꚉ
A68A	55 A68B	# Ꚋ => Uꚋ
A68C	55 A68D	# Ꚍ => Uꚍ
A68E	55 A68F	# Ꚏ => Uꚏ
A690	55 A691	# Ꚑ => Uꚑ
A692	55 A693	# Ꚓ => Uꚓ
A694	55 A695	# Ꚕ => Uꚕ
A696	55 A697	# Ꚗ => Uꚗ
A698	55 A699	# Ꚙ => Uꚙ
A69A	55 A69B	# Ꚛ => Uꚛ
A6F2	50 A6F2	# ꛲ => P꛲
A6F3	50 A6F3	# ꛳ => P꛳
A6F4	50 A6F4	# ꛴ => P꛴
A6F5	50 A6F5	# ꛵ => P꛵
A6F6	50 A6F6	# ꛶ => P꛶
A6F7	50 A6F7	# ꛷ => P꛷
A722	55 A723	# Ꜣ => Uꜣ
A724	55 A725	# Ꜥ => Uꜥ
A726	55 A727	# Ꜧ => Uꜧ
A728	55 A729	# Ꜩ => Uꜩ
A72A	55 A72B	# Ꜫ => Uꜫ
A72C	55 A72D	# Ꜭ => Uꜭ
A72E	55 A72F	# Ꜯ => Uꜯ
A732	55 A733	# Ꜳ => Uꜳ
A734	55 A735	# Ꜵ => Uꜵ
A736	55 A737	# Ꜷ => Uꜷ
A738	55 A739	# Ꜹ => Uꜹ
A73A	55 A73B	# Ꜻ => Uꜻ
A73C	55 A73D	# Ꜽ => Uꜽ
A73E	55 A73F	# Ꜿ => Uꜿ
A740	55 A741	# Ꝁ => Uꝁ
A742	55 A743	# Ꝃ => Uꝃ
A744	55 A745	# Ꝅ => Uꝅ
A746	55 A747	# Ꝇ => Uꝇ
A748	55 A749	# Ꝉ => Uꝉ
A74A	55 A74B	# Ꝋ => Uꝋ
A74C	55 A74D	# Ꝍ => Uꝍ
A74E	55 A74F	# Ꝏ => Uꝏ
A750	55 A751	# Ꝑ => Uꝑ
A752	55 A753	# Ꝓ => Uꝓ
A754	55 A755	# Ꝕ => Uꝕ
A756	55 A757	# Ꝗ => Uꝗ
A758	55 A759	# Ꝙ => Uꝙ
A75A	55 A75B	# Ꝛ => Uꝛ
A75C	55 A75D	# Ꝝ => Uꝝ
A75E	55 A75F	# Ꝟ => Uꝟ
A760	55 A761	# Ꝡ => Uꝡ
A762	55 A763	# Ꝣ => Uꝣ
A764	55 A765	# Ꝥ => Uꝥ
A766	55 A767	# Ꝧ => Uꝧ
A768	55 A769	# Ꝩ => Uꝩ
A76A	55 A76B	# Ꝫ => Uꝫ
A76C	55 A76D	# Ꝭ => Uꝭ
A76E	55 A76F	# Ꝯ => Uꝯ
A779	55 A77A	# Ꝺ => Uꝺ
A77B	55 A77C	# Ꝼ => Uꝼ
A77D	55 1D79	# Ᵹ => Uᵹ
A77E	55 A77F	# Ꝿ => Uꝿ
A780	55 A781	# Ꞁ => Uꞁ
A782	55 A783	# Ꞃ => Uꞃ
A784	55 A785	# Ꞅ => Uꞅ
A786	55 A787	# Ꞇ => Uꞇ
A78B	55 A78C	# Ꞌ => Uꞌ
A78D	55 265	# Ɥ => Uɥ
A790	55 A791	# Ꞑ => Uꞑ
A792	55 A793	# Ꞓ => Uꞓ
A796	55 A797	# Ꞗ => Uꞗ
A798	55 A799	# Ꞙ => Uꞙ
A79A	55 A79B	# Ꞛ => Uꞛ
A79C	55 A79D	# Ꞝ => Uꞝ
A79E	55 A79F	# Ꞟ => Uꞟ
A7A0	55 A7A1	# Ꞡ => Uꞡ
A7A2	55 A7A3	# Ꞣ => Uꞣ
A7A4	55 A7A5	# Ꞥ => Uꞥ
A7A6	55 A7A7	# Ꞧ => Uꞧ
A7A8	55 A7A9	# Ꞩ => Uꞩ
A7AA	55 266	# Ɦ => Uɦ
A7AB	55 25C	# Ɜ => Uɜ
A7AC	55 261	# Ɡ => Uɡ
A7AD	55 26C	# Ɬ => Uɬ
A7AE	55 26A	# Ɪ => Uɪ
A7B0	55 29E	# Ʞ => Uʞ
A7B1	55 287	# Ʇ => Uʇ
A7B2	55 29D	# Ʝ => Uʝ
A7B3	55 AB53	# Ꭓ => Uꭓ
A7B4	55 A7B5	# Ꞵ => Uꞵ
A7B6	55 A7B7	# Ꞷ => Uꞷ
A7B8	55 A7B9	# Ꞹ => Uꞹ
A7BA	55 A7BB	# Ꞻ => Uꞻ
A7BC	55 A7BD	# Ꞽ => Uꞽ
A7BE	55 A7BF	# Ꞿ => Uꞿ
A7C0	55 A7C1	# Ꟁ => Uꟁ
A7C2	55 A7C3	# Ꟃ => Uꟃ
A7C4	55 A794	# Ꞔ => Uꞔ
A7C5	55 282	# Ʂ => Uʂ
A7C6	55 1D8E	# Ᶎ => Uᶎ
A7C7	55 A7C8	# Ꟈ => Uꟈ
A7C9	55 A7CA	# Ꟊ => Uꟊ
A7CB	55 264	# Ɤ => Uɤ
A7CC	55 A7CD	# Ꟍ => Uꟍ
A7CE	55 A7CF	# ꟎ => U꟏
A7D0	55 A7D1	# Ꟑ => Uꟑ
A7D2	55 A7D3	# ꟒ => Uꟓ
A7D4	55 A7D5	# ꟔ => Uꟕ
A7D6	55 A7D7	# Ꟗ => Uꟗ
A7D8	55 A7D9	# Ꟙ => Uꟙ
A7DA	55 A7DB	# Ꟛ => Uꟛ
A7DC	55 19B	# Ƛ => Uƛ
A7F5	55 A7F6	# Ꟶ => Uꟶ
A874	50 A874	# ꡴ => P꡴
A875	50 A875	# ꡵ => P꡵
A876	50 A876	# ꡶ => P꡶
A877	50 A877	# ꡷ => P꡷
A8CE	50 A8CE	# ꣎ => P꣎
A8CF	50 A8CF	# ꣏ => P꣏
A8F8	50 A8F8	# ꣸ => P꣸
A8F9	50 A8F9	# ꣹ => P꣹
A8FA	50 A8FA	# ꣺ => P꣺
A8FC	50 A8FC	# ꣼ => P꣼
A92E	50 A92E	# ꤮ => P꤮
A92F	50 A92F	# ꤯ => P꤯
A95F	50 A95F	# ꥟ => P꥟
A9C1	50 A9C1	# ꧁ => P꧁
A9C2	50 A9C2	# ꧂ => P꧂
A9C3	50 A9C3	# ꧃ => P꧃
A9C4	50 A9C4	# ꧄ => P꧄
A9C5	50 A9C5	# ꧅ => P꧅
A9C6	50 A9C6	# ꧆ => P꧆
A9C7	50 A9C7	# ꧇ => P꧇
A9C8	50 A9C8	# ꧈ => P꧈
A9C9	50 A9C9	# ꧉ => P꧉
A9CA	50 A9CA	# ꧊ => P꧊
A9CB	50 A9CB	# ꧋ => P꧋
A9CC	50 A9CC	# ꧌ => P꧌
A9CD	50 A9CD	# ꧍ => P꧍
A9DE	50 A9DE	# ꧞ => P꧞
A9DF	50 A9DF	# ꧟ => P꧟
AA5C	50 AA5C	# ꩜ => P꩜
AA5D	50 AA5D	# ꩝ => P꩝
AA5E	50 AA5E	# ꩞ => P꩞
AA5F	50 AA5F	# ꩟ => P꩟
AADE	50 AADE	# ꫞ => P꫞
AADF	50 AADF	# ꫟ => P꫟
AAF0	50 AAF0	# ꫰ => P꫰
AAF1	50 AAF1	# ꫱ => P꫱
ABEB	50 ABEB	# ꯫ => P꯫
FD3E	50 FD3E	# ﴾ => P﴾
FD3F	50 FD3F	# ﴿ => P﴿
FE10	50 FE10	# ︐ => P︐
FE11	50 FE11	# ︑ => P︑
FE12	50 FE12	# ︒ => P︒
FE13	50 FE13	# ︓ => P︓
FE14	50 FE14	# ︔ => P︔
FE15	50 FE15	# ︕ => P︕
FE16	50 FE16	# ︖ => P︖
FE17	50 FE17	# ︗ => P︗
FE18	50 FE18	# ︘ => P︘
FE19	50 FE19	# ︙ => P︙
FE30	50 FE30	# ︰ => P︰
FE31	50 FE31	# ︱ => P︱
FE32	50 FE32	# ︲ => P︲
FE33	50 FE33	# ︳ => P︳
FE34	50 FE34	# ︴ => P︴
FE35	50 FE35	# ︵ => P︵
FE36	50 FE36	# ︶ => P︶
FE37	50 FE37	# ︷ => P︷
FE38	50 FE38	# ︸ => P︸
FE39	50 FE39	# ︹ => P︹
FE3A	50 FE3A	# ︺ => P︺
FE3B	50 FE3B	# ︻ => P︻
FE3C	50 FE3C	# ︼ => P︼
FE3D	50 FE3D	# ︽ => P︽
FE3E	50 FE3E	# ︾ => P︾
FE3F	50 FE3F	# ︿ => P︿
FE40	50 FE40	# ﹀ => P﹀
FE41	50 FE41	# ﹁ => P﹁
FE42	50 FE42	# ﹂ => P﹂
FE43	50 FE43	# ﹃ => P﹃
FE44	50 FE44	# ﹄ => P﹄
FE45	50 FE45	# ﹅ => P﹅
FE46	50 FE46	# ﹆ => P﹆
FE47	50 FE47	# ﹇ => P﹇
FE48	50 FE48	# ﹈ => P﹈
FE49	50 FE49	# ﹉ => P﹉
FE4A	50 FE4A	# ﹊ => P﹊
FE4B	50 FE4B	# ﹋ => P﹋
FE4C	50 FE4C	# ﹌ => P﹌
FE4D	50 FE4D	# ﹍ => P﹍
FE4E	50 FE4E	# ﹎ => P﹎
FE4F	50 FE4F	# ﹏ => P﹏
FE50	50 FE50	# ﹐ => P﹐
FE51	50 FE51	# ﹑ => P﹑
FE52	50 FE52	# ﹒ => P﹒
FE54	50 FE54	# ﹔ => P﹔
FE55	50 FE55	# ﹕ => P﹕
FE56	50 FE56	# ﹖ => P﹖
FE57	50 FE57	# ﹗ => P﹗
FE58	50 FE58	# ﹘ => P﹘
FE59	50 FE59	# ﹙ => P﹙
FE5A	50 FE5A	# ﹚ => P﹚
FE5B	50 FE5B	# ﹛ => P﹛
FE5C	50 FE5C	# ﹜ => P﹜
FE5D	50 FE5D	# ﹝ => P﹝
FE5E	50 FE5E	# ﹞ => P﹞
FE5F	50 FE5F	# ﹟ => P﹟
FE60	50 FE60	# ﹠ => P﹠
FE61	50 FE61	# ﹡ => P﹡
FE63	50 FE63	# ﹣ => P﹣
FE68	50 FE68	# ﹨ => P﹨
FE6A	50 FE6A	# ﹪ => P﹪
FE6B	50 FE6B	# ﹫ => P﹫
FF01	50 FF01	# ！ => P！
FF02	50 FF02	# ＂ => P＂
FF03	50 FF03	# ＃ => P＃
FF05	50 FF05	# ％ => P％
FF06	50 FF06	# ＆ => P＆
FF07	50 FF07	# ＇ => P＇
FF08	50 FF08	# （ => P（
FF09	50 FF09	# ） => P）
FF0A	50 FF0A	# ＊ => P＊
FF0C	50 FF0C	# ， => P，
FF0D	50 FF0D	# － => P－
FF0E	50 FF0E	# ． => P．
FF0F	50 FF0F	# ／ => P／
FF1A	50 FF1A	# ： => P：
FF1B	50 FF1B	# ； => P；
FF1F	50 FF1F	# ？ => P？
FF20	50 FF20	# ＠ => P＠
FF21	55 FF41	# Ａ => Uａ
FF22	55 FF42	# Ｂ => Uｂ
FF23	55 FF43	# Ｃ => Uｃ
FF24	55 FF44	# Ｄ => Uｄ
FF25	55 FF45	# Ｅ => Uｅ
FF26	55 FF46	# Ｆ => Uｆ
FF27	55 FF47	# Ｇ => Uｇ
FF28	55 FF48	# Ｈ => Uｈ
FF29	55 FF49	# Ｉ => Uｉ
FF2A	55 FF4A	# Ｊ => Uｊ
FF2B	55 FF4B	# Ｋ => Uｋ
FF2C	55 FF4C	# Ｌ => Uｌ
FF2D	55 FF4D	# Ｍ => Uｍ
FF2E	55 FF4E	# Ｎ => Uｎ
FF2F	55 FF4F	# Ｏ => Uｏ
FF30	55 FF50	# Ｐ => Uｐ
FF31	55 FF51	# Ｑ => Uｑ
FF32	55 FF52	# Ｒ => Uｒ
FF33	55 FF53	# Ｓ => Uｓ
FF34	55 FF54	# Ｔ => Uｔ
FF35	55 FF55	# Ｕ => Uｕ
FF36	55 FF56	# Ｖ => Uｖ
FF37	55 FF57	# Ｗ => Uｗ
FF38	55 FF58	# Ｘ => Uｘ
FF39	55 FF59	# Ｙ => Uｙ
FF3A	55 FF5A	# Ｚ => Uｚ
FF3B	50 FF3B	# ［ => P［
FF3C	50 FF3C	# ＼ => P＼
FF3D	50 FF3D	# ］ => P］
FF3F	50 FF3F	# ＿ => P＿
FF5B	50 FF5B	# ｛ => P｛
FF5D	50 FF5D	# ｝ => P｝
FF5F	50 FF5F	# ｟ => P｟
FF60	50 FF60	# ｠ => P｠
FF61	50 FF61	# ｡ => P｡
FF62	50 FF62	# ｢ => P｢
FF63	50 FF63	# ｣ => P｣
FF64	50 FF64	# ､ => P､
FF65	50 FF65	# ･ => P･
10100	50 10100	# 𐄀 => P𐄀
10101	50 10101	# 𐄁 => P𐄁
10102	50 10102	# 𐄂 => P𐄂
1039F	50 1039F	# 𐎟 => P𐎟
103D0	50 103D0	# 𐏐 => P𐏐
10400	55 10428	# 𐐀 => U𐐨
10401	55 10429	# 𐐁 => U𐐩
10402	55 1042A	# 𐐂 => U𐐪
10403	55 1042B	# 𐐃 => U𐐫
10404	55 1042C	# 𐐄 => U𐐬
10405	55 1042D	# 𐐅 => U𐐭
10406	55 1042E	# 𐐆 => U𐐮
10407	55 1042F	# 𐐇 => U𐐯
10408	55 10430	# 𐐈 => U𐐰
10409	55 10431	# 𐐉 => U𐐱
1040A	55 10432	# 𐐊 => U𐐲
1040B	55 10433	# 𐐋 => U𐐳
1040C	55 10434	# 𐐌 => U𐐴
1040D	55 10435	# 𐐍 => U𐐵
1040E	55 10436	# 𐐎 => U𐐶
1040F	55 10437	# 𐐏 => U𐐷
10410	55 10438	# 𐐐 => U𐐸
10411	55 10439	# 𐐑 => U𐐹
10412	55 1043A	# 𐐒 => U𐐺
10413	55 1043B	# 𐐓 => U𐐻
10414	55 1043C	# 𐐔 => U𐐼
10415	55 1043D	# 𐐕 => U𐐽
10416	55 1043E	# 𐐖 => U𐐾
10417	55 1043F	# 𐐗 => U𐐿
10418	55 10440	# 𐐘 => U𐑀
10419	55 10441	# 𐐙 => U𐑁
1041A	55 10442	# 𐐚 => U𐑂
1041B	55 10443	# 𐐛 => U𐑃
1041C	55 10444	# 𐐜 => U𐑄
1041D	55 10445	# 𐐝 => U𐑅
1041E	55 10446	# 𐐞 => U𐑆
1041F	55 10447	# 𐐟 => U𐑇
10420	55 10448	# 𐐠 => U𐑈
10421	55 10449	# 𐐡 => U𐑉
10422	55 1044A	# 𐐢 => U𐑊
10423	55 1044B	# 𐐣 => U𐑋
10424	55 1044C	# 𐐤 => U𐑌
10425	55 1044D	# 𐐥 => U𐑍
10426	55 1044E	# 𐐦 => U𐑎
10427	55 1044F	# 𐐧 => U𐑏
104B0	55 104D8	# 𐒰 => U𐓘
104B1	55 104D9	# 𐒱 => U𐓙
104B2	55 104DA	# 𐒲 => U𐓚
104B3	55 104DB	# 𐒳 => U𐓛
104B4	55 104DC	# 𐒴 => U𐓜
104B5	55 104DD	# 𐒵 => U𐓝
104B6	55 104DE	# 𐒶 => U𐓞
104B7	55 104DF	# 𐒷 => U𐓟
104B8	55 104E0	# 𐒸 => U𐓠
104B9	55 104E1	# 𐒹 => U𐓡
104BA	55 104E2	# 𐒺 => U𐓢
104BB	55 104E3	# 𐒻 => U𐓣
104BC	55 104E4	# 𐒼 => U𐓤
104BD	55 104E5	# 𐒽 => U𐓥
104BE	55 104E6	# 𐒾 => U𐓦
104BF	55 104E7	# 𐒿 => U𐓧
104C0	55 104E8	# 𐓀 => U𐓨
104C1	55 104E9	# 𐓁 => U𐓩
104C2	55 104EA	# 𐓂 => U𐓪
104C3	55 104EB	# 𐓃 => U𐓫
104C4	55 104EC	# 𐓄 => U𐓬
104C5	55 104ED	# 𐓅 => U𐓭
104C6	55 104EE	# 𐓆 => U𐓮
104C7	55 104EF	# 𐓇 => U𐓯
104C8	55 104F0	# 𐓈 => U𐓰
104C9	55 104F1	# 𐓉 => U𐓱
104CA	55 104F2	# 𐓊 => U𐓲
104CB	55 104F3	# 𐓋 => U𐓳
104CC	55 104F4	# 𐓌 => U𐓴
104CD	55 104F5	# 𐓍 => U𐓵
104CE	55 104F6	# 𐓎 => U𐓶
104CF	55 104F7	# 𐓏 => U𐓷
104D0	55 104F8	# 𐓐 => U𐓸
104D1	55 104F9	# 𐓑 => U𐓹
104D2	55 104FA	# 𐓒 => U𐓺
104D3	55 104FB	# 𐓓 => U𐓻
1056F	50 1056F	# 𐕯 => P𐕯
10570	55 10597	# 𐕰 => U𐖗
10571	55 10598	# 𐕱 => U𐖘
10572	55 10599	# 𐕲 => U𐖙
10573	55 1059A	# 𐕳 => U𐖚
10574	55 1059B	# 𐕴 => U𐖛
10575	55 1059C	# 𐕵 => U𐖜
10576	55 1059D	# 𐕶 => U𐖝
10577	55 1059E	# 𐕷 => U𐖞
10578	55 1059F	# 𐕸 => U𐖟
10579	55 105A0	# 𐕹 => U𐖠
1057A	55 105A1	# 𐕺 => U𐖡
1057C	55 105A3	# 𐕼 => U𐖣
1057D	55 105A4	# 𐕽 => U𐖤
1057E	55 105A5	# 𐕾 => U𐖥
1057F	55 105A6	# 𐕿 => U𐖦
10580	55 105A7	# 𐖀 => U𐖧
10581	55 105A8	# 𐖁 => U𐖨
10582	55 105A9	# 𐖂 => U𐖩
10583	55 105AA	# 𐖃 => U𐖪
10584	55 105AB	# 𐖄 => U𐖫
10585	55 105AC	# 𐖅 => U𐖬
10586	55 105AD	# 𐖆 => U𐖭
10587	55 105AE	# 𐖇 => U𐖮
10588	55 105AF	# 𐖈 => U𐖯
10589	55 105B0	# 𐖉 => U𐖰
1058A	55 105B1	# 𐖊 => U𐖱
1058C	55 105B3	# 𐖌 => U𐖳
1058D	55 105B4	# 𐖍 => U𐖴
1058E	55 105B5	# 𐖎 => U𐖵
1058F	55 105B6	# 𐖏 => U𐖶
10590	55 105B7	# 𐖐 => U𐖷
10591	55 105B8	# 𐖑 => U𐖸
10592	55 105B9	# 𐖒 => U𐖹
10594	55 105BB	# 𐖔 => U𐖻
10595	55 105BC	# 𐖕 => U𐖼
10857	50 10857	# 𐡗 => P𐡗
1091F	50 1091F	# 𐤟 => P𐤟
1093F	50 1093F	# 𐤿 => P𐤿
10A50	50 10A50	# 𐩐 => P𐩐
10A51	50 10A51	# 𐩑 => P𐩑
10A52	50 10A52	# 𐩒 => P𐩒
10A53	50 10A53	# 𐩓 => P𐩓
10A54	50 10A54	# 𐩔 => P𐩔
10A55	50 10A55	# 𐩕 => P𐩕
10A56	50 10A56	# 𐩖 => P𐩖
10A57	50 10A57	# 𐩗 => P𐩗
10A58	50 10A58	# 𐩘 => P𐩘
10A7F	50 10A7F	# 𐩿 => P𐩿
10AF0	50 10AF0	# 𐫰 => P𐫰
10AF1	50 10AF1	# 𐫱 => P𐫱
10AF2	50 10AF2	# 𐫲 => P𐫲
10AF3	50 10AF3	# 𐫳 => P𐫳
10AF4	50 10AF4	# 𐫴 => P𐫴
10AF5	50 10AF5	# 𐫵 => P𐫵
10AF6	50 10AF6	# 𐫶 => P𐫶
10B39	50 10B39	# 𐬹 => P𐬹
10B3A	50 10B3A	# 𐬺 => P𐬺
10B3B	50 10B3B	# 𐬻 => P𐬻
10B3C	50 10B3C	# 𐬼 => P𐬼
10B3D	50 10B3D	# 𐬽 => P𐬽
10B3E	50 10B3E	# 𐬾 => P𐬾
10B3F	50 10B3F	# 𐬿 => P𐬿
10B99	50 10B99	# 𐮙 => P𐮙
10B9A	50 10B9A	# 𐮚 => P𐮚
10B9B	50 10B9B	# 𐮛 => P𐮛
10B9C	50 10B9C	# 𐮜 => P𐮜
10C80	55 10CC0	# 𐲀 => U𐳀
10C81	55 10CC1	# 𐲁 => U𐳁
10C82	55 10CC2	# 𐲂 => U𐳂
10C83	55 10CC3	# 𐲃 => U𐳃
10C84	55 10CC4	# 𐲄 => U𐳄
10C85	55 10CC5	# 𐲅 => U𐳅
10C86	55 10CC6	# 𐲆 => U𐳆
10C87	55 10CC7	# 𐲇 => U𐳇
10C88	55 10CC8	# 𐲈 => U𐳈
10C89	55 10CC9	# 𐲉 => U𐳉
10C8A	55 10CCA	# 𐲊 => U𐳊
10C8B	55 10CCB	# 𐲋 => U𐳋
10C8C	55 10CCC	# 𐲌 => U𐳌
10C8D	55 10CCD	# 𐲍 => U𐳍
10C8E	55 10CCE	# 𐲎 => U𐳎
10C8F	55 10CCF	# 𐲏 => U𐳏
10C90	55 10CD0	# 𐲐 => U𐳐
10C91	55 10CD1	# 𐲑 => U𐳑
10C92	55 10CD2	# 𐲒 => U𐳒
10C93	55 10CD3	# 𐲓 => U𐳓
10C94	55 10CD4	# 𐲔 => U𐳔
10C95	55 10CD5	# 𐲕 => U𐳕
10C96	55 10CD6	# 𐲖 => U𐳖
10C97	55 10CD7	# 𐲗 => U𐳗
10C98	55 10CD8	# 𐲘 => U𐳘
10C99	55 10CD9	# 𐲙 => U𐳙
10C9A	55 10CDA	# 𐲚 => U𐳚
10C9B	55 10CDB	# 𐲛 => U𐳛
10C9C	55 10CDC	# 𐲜 => U𐳜
10C9D	55 10CDD	# 𐲝 => U𐳝
10C9E	55 10CDE	# 𐲞 => U𐳞
10C9F	55 10CDF	# 𐲟 => U𐳟
10CA0	55 10CE0	# 𐲠 => U𐳠
10CA1	55 10CE1	# 𐲡 => U𐳡
10CA2	55 10CE2	# 𐲢 => U𐳢
10CA3	55 10CE3	# 𐲣 => U𐳣
10CA4	55 10CE4	# 𐲤 => U𐳤
10CA5	55 10CE5	# 𐲥 => U𐳥
10CA6	55 10CE6	# 𐲦 => U𐳦
10CA7	55 10CE7	# 𐲧 => U𐳧
10CA8	55 10CE8	# 𐲨 => U𐳨
10CA9	55 10CE9	# 𐲩 => U𐳩
10CAA	55 10CEA	# 𐲪 => U𐳪
10CAB	55 10CEB	# 𐲫 => U𐳫
10CAC	55 10CEC	# 𐲬 => U𐳬
10CAD	55 10CED	# 𐲭 => U𐳭
10CAE	55 10CEE	# 𐲮 => U𐳮
10CAF	55 10CEF	# 𐲯 => U𐳯
10CB0	55 10CF0	# 𐲰 => U𐳰
10CB1	55 10CF1	# 𐲱 => U𐳱
10CB2	55 10CF2	# 𐲲 => U𐳲
10D50	55 10D70	# 𐵐 => U𐵰
10D51	55 10D71	# 𐵑 => U𐵱
10D52	55 10D72	# 𐵒 => U𐵲
10D53	55 10D73	# 𐵓 => U𐵳
10D54	55 10D74	# 𐵔 => U𐵴
10D55	55 10D75	# 𐵕 => U𐵵
10D56	55 10D76	# 𐵖 => U𐵶
10D57	55 10D77	# 𐵗 => U𐵷
10D58	55 10D78	# 𐵘 => U𐵸
10D59	55 10D79	# 𐵙 => U𐵹
10D5A	55 10D7A	# 𐵚 => U𐵺
10D5B	55 10D7B	# 𐵛 => U𐵻
10D5C	55 10D7C	# 𐵜 => U𐵼
10D5D	55 10D7D	# 𐵝 => U𐵽
10D5E	55 10D7E	# 𐵞 => U𐵾
10D5F	55 10D7F	# 𐵟 => U𐵿
10D60	55 10D80	# 𐵠 => U𐶀
10D61	55 10D81	# 𐵡 => U𐶁
10D62	55 10D82	# 𐵢 => U𐶂
10D63	55 10D83	# 𐵣 => U𐶃
10D64	55 10D84	# 𐵤 => U𐶄
10D65	55 10D85	# 𐵥 => U𐶅
10D6E	50 10D6E	# 𐵮 => P𐵮
10EAD	50 10EAD	# 𐺭 => P𐺭
10ED0	50 10ED0	# 𐻐 => P𐻐
10F55	50 10F55	# 𐽕 => P𐽕
10F56	50 10F56	# 𐽖 => P𐽖
10F57	50 10F57	# 𐽗 => P𐽗
10F58	50 10F58	# 𐽘 => P𐽘
10F59	50 10F59	# 𐽙 => P𐽙
10F86	50 10F86	# 𐾆 => P𐾆
10F87	50 10F87	# 𐾇 => P𐾇
10F88	50 10F88	# 𐾈 => P𐾈
10F89	50 10F89	# 𐾉 => P𐾉
11047	50 11047	# 𑁇 => P𑁇
11048	50 11048	# 𑁈 => P𑁈
11049	50 11049	# 𑁉 => P𑁉
1104A	50 1104A	# 𑁊 => P𑁊
1104B	50 1104B	# 𑁋 => P𑁋
1104C	50 1104C	# 𑁌 => P𑁌
1104D	50 1104D	# 𑁍 => P𑁍
110BB	50 110BB	# 𑂻 => P𑂻
110BC	50 110BC	# 𑂼 => P𑂼
110BE	50 110BE	# 𑂾 => P𑂾
110BF	50 110BF	# 𑂿 => P𑂿
110C0	50 110C0	# 𑃀 => P𑃀
110C1	50 110C1	# 𑃁 => P𑃁
11140	50 11140	# 𑅀 => P𑅀
11141	50 11141	# 𑅁 => P𑅁
11142	50 11142	# 𑅂 => P𑅂
11143	50 11143	# 𑅃 => P𑅃
11174	50 11174	# 𑅴 => P𑅴
11175	50 11175	# 𑅵 => P𑅵
111C5	50 111C5	# 𑇅 => P𑇅
111C6	50 111C6	# 𑇆 => P𑇆
111C7	50 111C7	# 𑇇 => P𑇇
111C8	50 111C8	# 𑇈 => P𑇈
111CD	50 111CD	# 𑇍 => P𑇍
111DB	50 111DB	# 𑇛 => P𑇛
111DD	50 111DD	# 𑇝 => P𑇝
111DE	50 111DE	# 𑇞 => P𑇞
111DF	50 111DF	# 𑇟 => P𑇟
11238	50 11238	# 𑈸 => P𑈸
11239	50 11239	# 𑈹 => P𑈹
1123A	50 1123A	# 𑈺 => P𑈺
1123B	50 1123B	# 𑈻 => P𑈻
1123C	50 1123C	# 𑈼 => P𑈼
1123D	50 1123D	# 𑈽 => P𑈽
112A9	50 112A9	# 𑊩 => P𑊩
113D4	50 113D4	# 𑏔 => P𑏔
113D5	50 113D5	# 𑏕 => P𑏕
113D7	50 113D7	# 𑏗 => P𑏗
113D8	50 113D8	# 𑏘 => P𑏘
1144B	50 1144B	# 𑑋 => P𑑋
1144C	50 1144C	# 𑑌 => P𑑌
1144D	50 1144D	# 𑑍 => P𑑍
1144E	50 1144E	# 𑑎 => P𑑎
1144F	50 1144F	# 𑑏 => P𑑏
1145A	50 1145A	# 𑑚 => P𑑚
1145B	50 1145B	# 𑑛 => P𑑛
1145D	50 1145D	# 𑑝 => P𑑝
114C6	50 114C6	# 𑓆 => P𑓆
115C1	50 115C1	# 𑗁 => P𑗁
115C2	50 115C2	# 𑗂 => P𑗂
115C3	50 115C3	# 𑗃 => P𑗃
115C4	50 115C4	# 𑗄 => P𑗄
115C5	50 115C5	# 𑗅 => P𑗅
115C6	50 115C6	# 𑗆 => P𑗆
115C7	50 115C7	# 𑗇 => P𑗇
115C8	50 115C8	# 𑗈 => P𑗈
115C9	50 115C9	# 𑗉 => P𑗉
115CA	50 115CA	# 𑗊 => P𑗊
115CB	50 115CB	# 𑗋 => P𑗋
115CC	50 115CC	# 𑗌 => P𑗌
115CD	50 115CD	# 𑗍 => P𑗍
115CE	50 115CE	# 𑗎 => P𑗎
115CF	50 115CF	# 𑗏 => P𑗏
115D0	50 115D0	# 𑗐 => P𑗐
115D1	50 115D1	# 𑗑 => P𑗑
115D2	50 115D2	# 𑗒 => P𑗒
115D3	50 115D3	# 𑗓 => P𑗓
115D4	50 115D4	# 𑗔 => P𑗔
115D5	50 115D5	# 𑗕 => P𑗕
115D6	50 115D6	# 𑗖 => P𑗖
115D7	50 115D7	# 𑗗 => P𑗗
11641	50 11641	# 𑙁 => P𑙁
11642	50 11642	# 𑙂 => P𑙂
11643	50 11643	# 𑙃 => P𑙃
11660	50 11660	# 𑙠 => P𑙠
11661	50 11661	# 𑙡 => P𑙡
11662	50 11662	# 𑙢 => P𑙢
11663	50 11663	# 𑙣 => P𑙣
11664	50 11664	# 𑙤 => P𑙤
11665	50 11665	# 𑙥 => P𑙥
11666	50 11666	# 𑙦 => P𑙦
11667	50 11667	# 𑙧 => P𑙧
11668	50 11668	# 𑙨 => P𑙨
11669	50 11669	# 𑙩 => P𑙩
1166A	50 1166A	# 𑙪 => P𑙪
1166B	50 1166B	# 𑙫 => P𑙫
1166C	50 1166C	# 𑙬 => P𑙬
116B9	50 116B9	# 𑚹 => P𑚹
1173C	50 1173C	# 𑜼 => P𑜼
1173D	50 1173D	# 𑜽 => P𑜽
1173E	50 1173E	# 𑜾 => P𑜾
1183B	50 1183B	# 𑠻 => P𑠻
118A0	55 118C0	# 𑢠 => U𑣀
118A1	55 118C1	# 𑢡 => U𑣁
118A2	55 118C2	# 𑢢 => U𑣂
118A3	55 118C3	# 𑢣 => U𑣃
118A4	55 118C4	# 𑢤 => U𑣄
118A5	55 118C5	# 𑢥 => U𑣅
118A6	55 118C6	# 𑢦 => U𑣆
118A7	55 118C7	# 𑢧 => U𑣇
118A8	55 118C8	# 𑢨 => U𑣈
118A9	55 118C9	# 𑢩 => U𑣉
118AA	55 118CA	# 𑢪 => U𑣊
118AB	55 118CB	# 𑢫 => U𑣋
118AC	55 118CC	# 𑢬 => U𑣌
118AD	55 118CD	# 𑢭 => U𑣍
118AE	55 118CE	# 𑢮 => U𑣎
118AF	55 118CF	# 𑢯 => U𑣏
118B0	55 118D0	# 𑢰 => U𑣐
118B1	55 118D1	# 𑢱 => U𑣑
118B2	55 118D2	# 𑢲 => U𑣒
118B3	55 118D3	# 𑢳 => U𑣓
118B4	55 118D4	# 𑢴 => U𑣔
118B5	55 118D5	# 𑢵 => U𑣕
118B6	55 118D6	# 𑢶 => U𑣖
118B7	55 118D7	# 𑢷 => U𑣗
118B8	55 118D8	# 𑢸 => U𑣘
118B9	55 118D9	# 𑢹 => U𑣙
118BA	55 118DA	# 𑢺 => U𑣚
118BB	55 118DB	# 𑢻 => U𑣛
118BC	55 118DC	# 𑢼 => U𑣜
118BD	55 118DD	# 𑢽 => U𑣝
118BE	55 118DE	# 𑢾 => U𑣞
118BF	55 118DF	# 𑢿 => U𑣟
11944	50 11944	# 𑥄 => P𑥄
11945	50 11945	# 𑥅 => P𑥅
11946	50 11946	# 𑥆 => P𑥆
119E2	50 119E2	# 𑧢 => P𑧢
11A3F	50 11A3F	# 𑨿 => P𑨿
11A40	50 11A40	# 𑩀 => P𑩀
11A41	50 11A41	# 𑩁 => P𑩁
11A42	50 11A42	# 𑩂 => P𑩂
11A43	50 11A43	# 𑩃 => P𑩃
11A44	50 11A44	# 𑩄 => P𑩄
11A45	50 11A45	# 𑩅 => P𑩅
11A46	50 11A46	# 𑩆 => P𑩆
11A9A	50 11A9A	# 𑪚 => P𑪚
11A9B	50 11A9B	# 𑪛 => P𑪛
11A9C	50 11A9C	# 𑪜 => P𑪜
11A9E	50 11A9E	# 𑪞 => P𑪞
11A9F	50 11A9F	# 𑪟 => P𑪟
11AA0	50 11AA0	# 𑪠 => P𑪠
11AA1	50 11AA1	# 𑪡 => P𑪡
11AA2	50 11AA2	# 𑪢 => P𑪢
11B00	50 11B00	# 𑬀 => P𑬀
11B01	50 11B01	# 𑬁 => P𑬁
11B02	50 11B02	# 𑬂 => P𑬂
11B03	50 11B03	# 𑬃 => P𑬃
11B04	50 11B04	# 𑬄 => P𑬄
11B05	50 11B05	# 𑬅 => P𑬅
11B06	50 11B06	# 𑬆 => P𑬆
11B07	50 11B07	# 𑬇 => P𑬇
11B08	50 11B08	# 𑬈 => P𑬈
11B09	50 11B09	# 𑬉 => P𑬉
11BE1	50 11BE1	# 𑯡 => P𑯡
11C41	50 11C41	# 𑱁 => P𑱁
11C42	50 11C42	# 𑱂 => P𑱂
11C43	50 11C43	# 𑱃 => P𑱃
11C44	50 11C44	# 𑱄 => P𑱄
11C45	50 11C45	# 𑱅 => P𑱅
11C70	50 11C70	# 𑱰 => P𑱰
11C71	50 11C71	# 𑱱 => P𑱱
11EF7	50 11EF7	# 𑻷 => P𑻷
11EF8	50 11EF8	# 𑻸 => P𑻸
11F43	50 11F43	# 𑽃 => P𑽃
11F44	50 11F44	# 𑽄 => P𑽄
11F45	50 11F45	# 𑽅 => P𑽅
11F46	50 11F46	# 𑽆 => P𑽆
11F47	50 11F47	# 𑽇 => P𑽇
11F48	50 11F48	# 𑽈 => P𑽈
11F49	50 11F49	# 𑽉 => P𑽉
11F4A	50 11F4A	# 𑽊 => P𑽊
11F4B	50 11F4B	# 𑽋 => P𑽋
11F4C	50 11F4C	# 𑽌 => P𑽌
11F4D	50 11F4D	# 𑽍 => P𑽍
11F4E	50 11F4E	# 𑽎 => P𑽎
11F4F	50 11F4F	# 𑽏 => P𑽏
11FFF	50 11FFF	# 𑿿 => P𑿿
12470	50 12470	# 𒑰 => P𒑰
12471	50 12471	# 𒑱 => P𒑱
12472	50 12472	# 𒑲 => P𒑲
12473	50 12473	# 𒑳 => P𒑳
12474	50 12474	# 𒑴 => P𒑴
12FF1	50 12FF1	# 𒿱 => P𒿱
12FF2	50 12FF2	# 𒿲 => P𒿲
16A6E	50 16A6E	# 𖩮 => P𖩮
16A6F	50 16A6F	# 𖩯 => P𖩯
16AF5	50 16AF5	# 𖫵 => P𖫵
16B37	50 16B37	# 𖬷 => P𖬷
16B38	50 16B38	# 𖬸 => P𖬸
16B39	50 16B39	# 𖬹 => P𖬹
16B3A	50 16B3A	# 𖬺 => P𖬺
16B3B	50 16B3B	# 𖬻 => P𖬻
16B44	50 16B44	# 𖭄 => P𖭄
16D6D	50 16D6D	# 𖵭 => P𖵭
16D6E	50 16D6E	# 𖵮 => P𖵮
16D6F	50 16D6F	# 𖵯 => P𖵯
16E40	55 16E60	# 𖹀 => U𖹠
16E41	55 16E61	# 𖹁 => U𖹡
16E42	55 16E62	# 𖹂 => U𖹢
16E43	55 16E63	# 𖹃 => U𖹣
16E44	55 16E64	# 𖹄 => U𖹤
16E45	55 16E65	# 𖹅 => U𖹥
16E46	55 16E66	# 𖹆 => U𖹦
16E47	55 16E67	# 𖹇 => U𖹧
16E48	55 16E68	# 𖹈 => U𖹨
16E49	55 16E69	# 𖹉 => U𖹩
16E4A	55 16E6A	# 𖹊 => U𖹪
16E4B	55 16E6B	# 𖹋 => U𖹫
16E4C	55 16E6C	# 𖹌 => U𖹬
16E4D	55 16E6D	# 𖹍 => U𖹭
16E4E	55 16E6E	# 𖹎 => U𖹮
16E4F	55 16E6F	# 𖹏 => U𖹯
16E50	55 16E70	# 𖹐 => U𖹰
16E51	55 16E71	# 𖹑 => U𖹱
16E52	55 16E72	# 𖹒 => U𖹲
16E53	55 16E73	# 𖹓 => U𖹳
16E54	55 16E74	# 𖹔 => U𖹴
16E55	55 16E75	# 𖹕 => U𖹵
16E56	55 16E76	# 𖹖 => U𖹶
16E57	55 16E77	# 𖹗 => U𖹷
16E58	55 16E78	# 𖹘 => U𖹸
16E59	55 16E79	# 𖹙 => U𖹹
16E5A	55 16E7A	# 𖹚 => U𖹺
16E5B	55 16E7B	# 𖹛 => U𖹻
16E5C	55 16E7C	# 𖹜 => U𖹼
16E5D	55 16E7D	# 𖹝 => U𖹽
16E5E	55 16E7E	# 𖹞 => U𖹾
16E5F	55 16E7F	# 𖹟 => U𖹿
16E97	50 16E97	# 𖺗 => P𖺗
16E98	50 16E98	# 𖺘 => P𖺘
16E99	50 16E99	# 𖺙 => P𖺙
16E9A	50 16E9A	# 𖺚 => P𖺚
16EA0	55 16EBB	# 𖺠 => U𖺻
16EA1	55 16EBC	# 𖺡 => U𖺼
16EA2	55 16EBD	# 𖺢 => U𖺽
16EA3	55 16EBE	# 𖺣 => U𖺾
16EA4	55 16EBF	# 𖺤 => U𖺿
16EA5	55 16EC0	# 𖺥 => U𖻀
16EA6	55 16EC1	# 𖺦 => U𖻁
16EA7	55 16EC2	# 𖺧 => U𖻂
16EA8	55 16EC3	# 𖺨 => U𖻃
16EA9	55 16EC4	# 𖺩 => U𖻄
16EAA	55 16EC5	# 𖺪 => U𖻅
16EAB	55 16EC6	# 𖺫 => U𖻆
16EAC	55 16EC7	# 𖺬 => U𖻇
16EAD	55 16EC8	# 𖺭 => U𖻈
16EAE	55 16EC9	# 𖺮 => U𖻉
16EAF	55 16ECA	# 𖺯 => U𖻊
16EB0	55 16ECB	# 𖺰 => U𖻋
16EB1	55 16ECC	# 𖺱 => U𖻌
16EB2	55 16ECD	# 𖺲 => U𖻍
16EB3	55 16ECE	# 𖺳 => U𖻎
16EB4	55 16ECF	# 𖺴 => U𖻏
16EB5	55 16ED0	# 𖺵 => U𖻐
16EB6	55 16ED1	# 𖺶 => U𖻑
16EB7	55 16ED2	# 𖺷 => U𖻒
16EB8	55 16ED3	# 𖺸 => U𖻓
16FE2	50 16FE2	# 𖿢 => P𖿢
1BC9F	50 1BC9F	# 𛲟 => P𛲟
1DA87	50 1DA87	# 𝪇 => P𝪇
1DA88	50 1DA88	# 𝪈 => P𝪈
1DA89	50 1DA89	# 𝪉 => P𝪉
1DA8A	50 1DA8A	# 𝪊 => P𝪊
1DA8B	50 1DA8B	# 𝪋 => P𝪋
1E5FF	50 1E5FF	# 𞗿 => P𞗿
1E900	55 1E922	# 𞤀 => U𞤢
1E901	55 1E923	# 𞤁 => U𞤣
1E902	55 1E924	# 𞤂 => U𞤤
1E903	55 1E925	# 𞤃 => U𞤥
1E904	55 1E926	# 𞤄 => U𞤦
1E905	55 1E927	# 𞤅 => U𞤧
1E906	55 1E928	# 𞤆 => U𞤨
1E907	55 1E929	# 𞤇 => U𞤩
1E908	55 1E92A	# 𞤈 => U𞤪
1E909	55 1E92B	# 𞤉 => U𞤫
1E90A	55 1E92C	# 𞤊 => U𞤬
1E90B	55 1E92D	# 𞤋 => U𞤭
1E90C	55 1E92E	# 𞤌 => U𞤮
1E90D	55 1E92F	# 𞤍 => U𞤯
1E90E	55 1E930	# 𞤎 => U𞤰
1E90F	55 1E931	# 𞤏 => U𞤱
1E910	55 1E932	# 𞤐 => U𞤲
1E911	55 1E933	# 𞤑 => U𞤳
1E912	55 1E934	# 𞤒 => U𞤴
1E913	55 1E935	# 𞤓 => U𞤵
1E914	55 1E936	# 𞤔 => U𞤶
1E915	55 1E937	# 𞤕 => U𞤷
1E916	55 1E938	# 𞤖 => U𞤸
1E917	55 1E939	# 𞤗 => U𞤹
1E918	55 1E93A	# 𞤘 => U𞤺
1E919	55 1E93B	# 𞤙 => U𞤻
1E91A	55 1E93C	# 𞤚 => U𞤼
1E91B	55 1E93D	# 𞤛 => U𞤽
1E91C	55 1E93E	# 𞤜 => U𞤾
1E91D	55 1E93F	# 𞤝 => U𞤿
1E91E	55 1E940	# 𞤞 => U𞥀
1E91F	55 1E941	# 𞤟 => U𞥁
1E920	55 1E942	# 𞤠 => U𞥂
1E921	55 1E943	# 𞤡 => U𞥃
1E95E	50 1E95E	# 𞥞 => P𞥞
1E95F	50 1E95F	# 𞥟 => P𞥟
